worker_id,worker_name,role_name,work_type,gross_salary,pension_deduct,health_deduct,other_deductions,working_days,days_present,days_absent,days_present_ratio,checkin_time_std_dev,gps_boundary_score,device_shared_count,impossible_travel_count,peer_checkin_correlation,bank_change_velocity,completeness_score,deduction_ratio,login_to_checkin_gap,device_id,bank_account,verdict_label,is_ghost
W00362,Temitope Adebayo,Security Officer,ONSITE,120000,5697.97,2678.84,2423.19,22,11,11,0.5,10.179,0.258,2,0,0.852,0.26,0.6,0.09,127.851,DEV-63629,4960927949,SUSPICIOUS,0
W00074,Efe Eze,Operations Manager,ONSITE,450000,11254.42,2887.51,5658.07,22,9,13,0.409,9.303,0.165,1,1,0.704,0.441,0.376,0.044,62.857,DEV-45664,3752997210,SUSPICIOUS,0
W00375,Sadiq Usman,Accountant,HYBRID,280000,12801.39,5736.49,0.0,22,14,8,0.636,10.528,0.049,1,0,0.478,0.048,1.0,0.066,20.766,DEV-17143,3318702710,VERIFIED,0
W00156,Tunde Ogunleye,Operations Manager,ONSITE,450000,42757.74,20440.98,0.0,22,12,10,0.545,8.0,0.02,0,0,0.288,0.102,0.756,0.137,1.0,DEV-61705,9311275583,VERIFIED,0
W00105,Ngozi Okonkwo,HR Officer,HYBRID,250000,11803.89,5345.76,1350.35,22,15,7,0.682,26.022,0.088,1,0,0.592,0.307,0.841,0.074,6.56,DEV-66854,8184443748,VERIFIED,0
W00395,Efe Ogunleye,HR Officer,HYBRID,250000,17349.46,8717.73,2432.81,22,11,11,0.5,15.945,0.097,2,0,0.143,0.0,0.89,0.114,28.011,DEV-64330,5556540248,VERIFIED,0
W00378,Chukwuemeka Ogunleye,IT Admin,HYBRID,300000,8415.74,4023.36,4360.9,22,15,7,0.682,20.424,0.112,0,0,0.8,0.161,0.858,0.056,40.914,DEV-62835,3665874461,VERIFIED,0
W00125,Amina Okafor,Cleaner,ONSITE,90000,5149.44,1093.97,2126.59,22,14,8,0.636,17.12,0.192,0,0,0.198,0.091,0.902,0.093,32.621,DEV-99233,6016274435,VERIFIED,0
W00069,Ibrahim Usman,Engineer,HYBRID,320000,19029.74,4682.51,11807.75,22,16,6,0.727,13.935,0.094,0,1,0.463,0.0,0.75,0.111,16.61,DEV-44305,5412897900,VERIFIED,0
W00451,Efe Nwosu,Security Officer,ONSITE,120000,2951.76,1484.82,723.42,22,12,10,0.545,30.0,0.015,0,0,0.318,0.0,0.891,0.043,7.765,DEV-45192,6963697209,VERIFIED,0
W00010,Ibrahim Okafor,HR Officer,HYBRID,250000,8573.82,3814.58,861.6,22,10,12,0.455,5.355,0.504,0,1,0.756,0.61,0.71,0.053,57.836,DEV-26378,7375637336,SUSPICIOUS,0
W00195,Tunde Etuk,IT Admin,HYBRID,300000,15681.9,11468.55,7049.55,22,20,2,0.909,27.146,0.167,0,0,0.461,0.13,0.808,0.114,16.268,DEV-49402,1654967813,VERIFIED,0
W00407,Chukwuemeka Etuk,Customer Support,REMOTE,180000,14451.59,6737.05,2571.36,22,17,5,0.773,17.43,0.154,0,0,0.503,0.092,0.806,0.132,23.377,DEV-23576,4199679795,VERIFIED,0
W00085,Amina Adebayo,Security Officer,ONSITE,120000,411.61,103.96,204.43,22,6,16,0.273,9.851,0.476,3,1,0.879,0.389,0.423,0.006,130.175,DEV-18572,3852079544,SUSPICIOUS,0
W00372,Amina Eze,HR Officer,HYBRID,250000,12258.52,5487.71,6253.77,22,15,7,0.682,17.662,0.059,1,0,0.128,0.206,0.958,0.096,17.103,DEV-69664,0671178867,VERIFIED,0
W00389,Ngozi Ogunleye,Operations Manager,ONSITE,450000,16086.8,8798.49,6614.71,22,10,12,0.455,6.855,0.493,0,0,0.716,0.307,0.85,0.07,51.753,DEV-32822,6729058615,SUSPICIOUS,0
W00496,Amina Ogunleye,Customer Support,REMOTE,180000,14650.93,5864.38,904.69,22,20,2,0.909,17.303,0.202,0,0,0.216,0.0,0.778,0.119,8.219,DEV-61591,8547066247,VERIFIED,0
W00031,Ibrahim Okafor,IT Admin,HYBRID,300000,28528.96,17569.36,9701.68,22,15,7,0.682,26.58,0.279,1,0,0.677,0.098,0.962,0.186,27.625,DEV-95766,6205254420,VERIFIED,0
W00317,Ifeoma Nwosu,Operations Manager,ONSITE,450000,34953.41,16943.93,16952.66,22,20,2,0.909,17.292,0.149,2,0,0.588,0.111,0.897,0.153,5.003,DEV-45625,3685307830,VERIFIED,0
W00409,Kemi Okafor,HR Officer,HYBRID,250000,18584.95,6736.36,13928.69,22,14,8,0.636,19.246,0.144,1,0,0.242,0.139,0.924,0.157,11.062,DEV-29937,6016315187,VERIFIED,0
W00491,Ngozi Adebayo,IT Admin,HYBRID,300000,16888.25,7508.92,9202.83,22,21,1,0.955,18.685,0.311,0,0,0.387,0.038,0.969,0.112,36.597,DEV-46201,8183357148,VERIFIED,0
W00492,Kemi Eze,Accountant,HYBRID,280000,8585.6,3540.11,6914.29,22,11,11,0.5,6.704,0.516,2,1,0.812,0.488,0.676,0.068,95.17,DEV-31436,9572719574,SUSPICIOUS,0
W00281,Sadiq Ogunleye,Security Officer,ONSITE,120000,4746.52,1295.24,1278.24,22,12,10,0.545,4.275,0.276,1,0,0.691,0.449,0.716,0.061,168.66,DEV-45029,7767756218,SUSPICIOUS,0
W00357,Efe Balogun,Security Officer,ONSITE,120000,9752.76,2048.48,4398.76,22,14,8,0.636,21.699,0.061,0,0,0.147,0.0,0.964,0.135,1.0,DEV-64522,8011608307,VERIFIED,0
W00077,Ifeoma Okafor,Customer Support,REMOTE,180000,9544.81,4126.43,2888.76,22,15,7,0.682,13.76,0.192,2,0,0.56,0.175,0.937,0.092,1.0,DEV-99469,5872477818,VERIFIED,0
W00462,Amina Ogunleye,Customer Support,REMOTE,180000,781.81,192.86,465.33,22,3,19,0.136,1.708,0.857,4,0,0.894,0.591,0.209,0.008,101.694,DEV-46838,0530181934,FLAGGED,1
W00498,Efe Okonkwo,Cleaner,ONSITE,90000,3256.79,1621.19,1152.02,22,9,13,0.409,12.0,0.331,2,1,0.746,0.463,0.293,0.067,66.539,DEV-49092,7520895010,SUSPICIOUS,0
W00212,Ifeoma Eze,Operations Manager,ONSITE,450000,2517.97,794.31,737.72,22,5,17,0.227,0.912,0.717,5,1,1.0,1.239,0.597,0.009,93.906,DEV-63629,6430553837,FLAGGED,1
W00102,Kemi Ogunleye,Cleaner,ONSITE,90000,4555.45,1401.8,612.75,22,15,7,0.682,22.459,0.208,1,1,0.315,0.079,0.802,0.073,16.751,DEV-36898,1303136027,VERIFIED,0
W00335,Ifeoma Okafor,Cleaner,ONSITE,90000,1296.09,763.36,640.55,22,17,5,0.773,19.703,0.0,0,1,0.494,0.101,0.741,0.03,19.971,DEV-74022,8293825173,VERIFIED,0
W00476,Tunde Eze,Engineer,HYBRID,320000,21678.24,12998.29,4363.47,22,17,5,0.773,19.0,0.028,0,1,0.488,0.276,0.881,0.122,28.808,DEV-19004,2307467418,VERIFIED,0
W00337,Tunde Abubakar,Customer Support,REMOTE,180000,8478.88,2307.01,5594.11,22,14,8,0.636,8.0,0.062,1,0,0.606,0.092,0.726,0.091,23.542,DEV-94340,3337322405,VERIFIED,0
W00441,Ngozi Usman,Cleaner,ONSITE,90000,2920.71,1658.71,640.58,22,10,12,0.455,8.298,0.107,3,1,0.845,0.12,0.511,0.058,107.489,DEV-46838,9111190680,SUSPICIOUS,0
W00174,Efe Adebayo,Cleaner,ONSITE,90000,3608.04,2023.91,1748.05,22,15,7,0.682,28.247,0.109,0,0,0.533,0.025,0.722,0.082,4.114,DEV-38037,6740242617,VERIFIED,0
W00003,Ibrahim Eze,Engineer,HYBRID,320000,14506.75,5116.19,5017.06,22,15,7,0.682,8.0,0.092,1,0,0.462,0.0,0.787,0.077,35.329,DEV-51346,7865481257,VERIFIED,0
W00334,Chukwuemeka Usman,Security Officer,ONSITE,120000,3309.11,1598.9,1811.99,22,15,7,0.682,16.945,0.222,2,0,0.421,0.058,0.9,0.056,11.923,DEV-52637,8035433932,VERIFIED,0
W00410,Temitope Abubakar,Security Officer,ONSITE,120000,6035.83,2290.58,3073.59,22,16,6,0.727,14.525,0.0,1,1,0.494,0.0,0.971,0.095,4.051,DEV-97315,1094822029,VERIFIED,0
W00071,Ifeoma Usman,Engineer,HYBRID,320000,10317.47,4714.1,3208.43,22,11,11,0.5,8.728,0.251,2,2,0.818,0.675,0.655,0.057,92.512,DEV-63629,9932806679,SUSPICIOUS,0
W00210,Ngozi Okafor,Cleaner,ONSITE,90000,5665.72,1875.23,1729.05,22,20,2,0.909,22.906,0.11,1,1,0.509,0.214,0.974,0.103,18.953,DEV-61749,7812514099,VERIFIED,0
W00064,Kemi Nwosu,IT Admin,HYBRID,300000,1122.34,507.83,469.83,22,12,10,0.545,6.038,0.246,0,2,0.852,0.309,0.85,0.007,31.593,DEV-77554,0965305662,SUSPICIOUS,0
W00385,Ngozi Usman,HR Officer,HYBRID,250000,3773.65,883.9,2342.45,22,6,16,0.273,5.468,0.544,2,4,0.878,1.263,0.0,0.028,318.742,DEV-11885,7749985509,FLAGGED,1
W00094,Kemi Ogunleye,Engineer,HYBRID,320000,21740.3,6651.44,15448.26,22,16,6,0.727,16.31,0.222,0,1,0.469,0.089,0.871,0.137,1.0,DEV-45481,1124322937,VERIFIED,0
W00486,Amina Eze,Cleaner,ONSITE,90000,7589.98,3628.13,31.89,22,15,7,0.682,25.159,0.284,0,0,0.8,0.135,0.986,0.125,33.635,DEV-94301,4586761479,VERIFIED,0
W00186,Ifeoma Abubakar,Accountant,HYBRID,280000,19940.89,9283.76,175.35,22,20,2,0.909,19.937,0.0,2,0,0.261,0.016,0.837,0.105,23.003,DEV-77503,0928533256,VERIFIED,0
W00034,Ifeoma Okafor,Operations Manager,ONSITE,450000,6463.94,4338.0,3148.06,22,5,17,0.227,6.0,0.372,2,1,0.927,0.697,0.416,0.031,45.0,DEV-31436,5983386067,FLAGGED,1
W00078,Temitope Balogun,IT Admin,HYBRID,300000,18520.57,8988.87,11490.56,22,16,6,0.727,13.102,0.132,0,0,0.788,0.055,0.857,0.13,1.0,DEV-95610,8766126036,VERIFIED,0
W00001,Temitope Okonkwo,Engineer,HYBRID,320000,17855.22,5119.52,7105.26,22,18,4,0.818,8.899,0.045,0,0,0.524,0.129,0.844,0.094,24.878,DEV-56204,2831216428,VERIFIED,0
W00012,Ngozi Okonkwo,Engineer,HYBRID,320000,5860.79,2738.26,3880.95,22,19,3,0.864,17.368,0.165,1,0,0.493,0.211,0.914,0.039,15.52,DEV-81668,1501425563,VERIFIED,0
W00416,Kemi Etuk,Accountant,HYBRID,280000,10777.54,4559.07,8183.39,22,16,6,0.727,9.568,0.174,0,0,0.41,0.181,0.802,0.084,20.264,DEV-75523,6269349043,VERIFIED,0
W00023,Tunde Abubakar,Engineer,HYBRID,320000,3278.08,1068.08,1413.84,22,11,11,0.5,9.746,0.372,2,0,0.762,0.559,0.564,0.018,37.466,DEV-45625,6460811600,SUSPICIOUS,0
W00073,Kemi Usman,Engineer,HYBRID,320000,28324.76,10293.71,3941.53,22,17,5,0.773,20.014,0.035,0,0,0.196,0.263,0.804,0.133,21.576,DEV-23945,0409200723,VERIFIED,0
W00183,Tunde Balogun,Cleaner,ONSITE,90000,4975.48,2302.0,1452.52,22,11,11,0.5,23.324,0.022,2,0,0.8,0.274,0.955,0.097,16.818,DEV-38848,3842212109,VERIFIED,0
W00132,Chukwuemeka Nwosu,Security Officer,ONSITE,120000,12970.08,4274.17,1955.75,22,20,2,0.909,12.238,0.214,0,0,0.499,0.069,0.952,0.16,23.317,DEV-78323,4956843685,VERIFIED,0
W00411,Kemi Nwosu,Accountant,HYBRID,280000,6571.28,2656.74,1411.98,22,4,18,0.182,3.868,0.521,1,1,0.772,0.502,0.245,0.038,45.0,DEV-61088,4375023984,FLAGGED,1
W00194,Kemi Adebayo,Customer Support,REMOTE,180000,12492.77,6565.41,2541.82,22,20,2,0.909,17.382,0.231,0,0,0.446,0.0,0.757,0.12,1.0,DEV-77129,2845155295,VERIFIED,0
W00056,Amina Balogun,IT Admin,HYBRID,300000,1025.88,343.69,130.43,22,10,12,0.455,2.0,0.574,1,0,0.879,0.892,0.587,0.005,145.53,DEV-46669,4268223346,SUSPICIOUS,0
W00149,Tunde Adebayo,HR Officer,HYBRID,250000,16988.05,5628.86,9383.09,22,16,6,0.727,15.771,0.22,1,0,0.568,0.132,0.803,0.128,21.39,DEV-66610,2477368101,VERIFIED,0
W00019,Amina Eze,Customer Support,REMOTE,180000,8934.5,5019.3,3506.2,22,10,12,0.455,24.792,0.245,1,0,0.523,0.288,0.727,0.097,1.0,DEV-34859,7748269151,VERIFIED,0
W00205,Temitope Okonkwo,IT Admin,HYBRID,300000,15151.55,4185.16,5263.29,22,16,6,0.727,27.607,0.18,0,0,0.686,0.0,1.0,0.082,19.43,DEV-33650,7775347488,VERIFIED,0
W00079,Chukwuemeka Ogunleye,Customer Support,REMOTE,180000,16734.43,8540.86,1724.71,22,16,6,0.727,8.312,0.263,2,1,0.197,0.02,0.809,0.15,21.657,DEV-63629,6410600526,VERIFIED,0
W00495,Ibrahim Eze,IT Admin,HYBRID,300000,24300.41,13281.61,8917.98,22,15,7,0.682,22.727,0.007,0,0,0.798,0.204,0.875,0.155,5.586,DEV-49505,3833055748,VERIFIED,0
W00263,Ibrahim Ogunleye,HR Officer,HYBRID,250000,12974.82,4118.21,9906.97,22,17,5,0.773,18.469,0.122,0,0,0.341,0.157,0.716,0.108,19.404,DEV-64695,5514207586,VERIFIED,0
W00324,Tunde Balogun,Engineer,HYBRID,320000,8725.03,2440.48,1634.49,22,15,7,0.682,13.753,0.074,0,0,0.096,0.063,0.938,0.04,17.053,DEV-31890,1148730290,VERIFIED,0
W00484,Chukwuemeka Nwosu,HR Officer,HYBRID,250000,10486.77,6364.61,4898.62,22,15,7,0.682,26.52,0.162,0,0,0.445,0.246,0.793,0.087,29.894,DEV-93952,2094980577,VERIFIED,0
W00080,Chukwuemeka Ogunleye,HR Officer,HYBRID,250000,16517.03,7680.62,11302.35,22,19,3,0.864,8.0,0.224,0,0,0.321,0.177,1.0,0.142,7.755,DEV-21696,6922864587,VERIFIED,0
W00040,Ifeoma Abubakar,Operations Manager,ONSITE,450000,18660.95,8728.42,0.0,22,17,5,0.773,18.068,0.146,0,0,0.255,0.164,0.857,0.06,33.035,DEV-62053,0144024141,VERIFIED,0
W00452,Temitope Okonkwo,Customer Support,REMOTE,180000,4743.63,1446.64,1189.73,22,9,13,0.409,6.085,0.75,0,1,0.72,0.818,0.392,0.041,33.057,DEV-66807,4728366964,SUSPICIOUS,0
W00047,Amina Balogun,Cleaner,ONSITE,90000,2859.63,1178.26,282.11,22,11,11,0.5,20.265,0.133,1,1,0.416,0.276,0.972,0.048,29.366,DEV-66491,8743088941,VERIFIED,0
W00239,Ifeoma Okonkwo,Cleaner,ONSITE,90000,936.93,272.24,410.83,22,2,20,0.091,4.043,0.611,2,4,0.892,1.07,0.308,0.018,45.0,DEV-49092,4375023984,FLAGGED,1
W00392,Amina Balogun,HR Officer,HYBRID,250000,16530.54,7676.04,7543.42,22,13,9,0.591,12.304,0.038,1,0,0.8,0.45,0.723,0.127,28.897,DEV-65923,1743816231,VERIFIED,0
W00353,Kemi Adebayo,Accountant,HYBRID,280000,4504.26,1378.5,3077.24,22,11,11,0.5,1.283,0.879,2,4,0.88,0.52,0.416,0.032,118.073,DEV-63629,5983386067,FLAGGED,1
W00342,Ifeoma Okonkwo,IT Admin,HYBRID,300000,7949.67,5845.69,3004.64,22,10,12,0.455,15.277,0.0,0,0,0.484,0.177,0.624,0.056,23.899,DEV-94066,2381605373,VERIFIED,0
W00278,Temitope Balogun,Operations Manager,ONSITE,450000,30722.61,13176.76,16400.63,22,15,7,0.682,22.436,0.187,0,0,0.751,0.158,0.926,0.134,18.645,DEV-54527,6299013139,VERIFIED,0
W00291,Ngozi Abubakar,HR Officer,HYBRID,250000,14276.96,5799.62,7423.42,22,17,5,0.773,23.398,0.304,2,1,0.224,0.332,0.881,0.11,30.634,DEV-63629,5083507305,VERIFIED,0
W00318,Sadiq Ogunleye,Customer Support,REMOTE,180000,2297.2,685.66,617.14,22,17,5,0.773,21.926,0.095,0,0,0.6,0.144,0.694,0.02,20.596,DEV-70768,8295705990,VERIFIED,0
W00305,Sadiq Okafor,IT Admin,HYBRID,300000,9245.23,2631.15,7623.62,22,13,9,0.591,11.688,0.203,1,0,0.599,0.183,0.813,0.065,31.492,DEV-61361,1814461217,VERIFIED,0
W00269,Amina Balogun,Cleaner,ONSITE,90000,6060.9,2722.99,846.11,22,19,3,0.864,30.0,0.337,0,0,0.189,0.45,0.913,0.107,42.136,DEV-31956,9035027111,VERIFIED,0
W00070,Kemi Balogun,Engineer,HYBRID,320000,18688.85,9819.17,3171.98,22,17,5,0.773,21.479,0.0,0,1,0.382,0.207,0.809,0.099,28.285,DEV-21044,8928373464,VERIFIED,0
W00456,Ngozi Nwosu,Customer Support,REMOTE,180000,6671.94,2624.16,1503.9,22,11,11,0.5,12.925,0.32,0,0,0.31,0.133,0.587,0.06,13.901,DEV-26436,4121484059,VERIFIED,0
W00466,Ibrahim Etuk,Security Officer,ONSITE,120000,3897.17,860.76,1482.07,22,11,11,0.5,9.001,0.523,1,1,0.766,0.292,0.626,0.052,52.148,DEV-69546,7010612010,SUSPICIOUS,0
W00155,Kemi Etuk,Security Officer,ONSITE,120000,7532.56,2786.22,2401.22,22,14,8,0.636,28.956,0.35,1,0,0.315,0.135,0.712,0.106,16.152,DEV-76847,5102418041,VERIFIED,0
W00083,Amina Adebayo,IT Admin,HYBRID,300000,26030.33,12105.9,563.77,22,16,6,0.727,13.033,0.0,2,0,0.406,0.228,0.643,0.129,35.238,DEV-46838,6992716036,VERIFIED,0
W00478,Temitope Ogunleye,Customer Support,REMOTE,180000,12768.76,7746.84,6664.4,22,14,8,0.636,30.0,0.177,1,0,0.262,0.0,0.962,0.151,12.597,DEV-67293,5540013759,VERIFIED,0
W00173,Efe Okonkwo,Security Officer,ONSITE,120000,3104.98,1496.07,1278.95,22,5,17,0.227,12.0,0.451,2,2,0.795,0.449,0.85,0.049,145.77,DEV-38848,7297021038,SUSPICIOUS,0
W00322,Tunde Abubakar,Operations Manager,ONSITE,450000,0.0,0.0,0.0,22,9,13,0.409,3.436,0.778,4,1,0.923,0.832,0.091,0.0,136.786,DEV-31436,0530181934,FLAGGED,1
W00091,Efe Etuk,Operations Manager,ONSITE,450000,0.0,0.0,0.0,22,2,20,0.091,3.625,0.562,1,2,0.966,0.721,0.274,0.0,328.91,DEV-13865,0530181934,FLAGGED,1
W00181,Ifeoma Nwosu,Cleaner,ONSITE,90000,0.0,0.0,0.0,22,7,15,0.318,5.931,0.506,5,0,0.881,1.053,0.232,0.0,45.0,DEV-38848,5911814549,FLAGGED,1
W00415,Ibrahim Usman,Customer Support,REMOTE,180000,4391.82,2183.37,0.0,22,9,13,0.409,7.774,0.308,1,0,0.724,0.716,0.426,0.035,60.438,DEV-50395,2672428899,SUSPICIOUS,0
W00313,Ngozi Balogun,HR Officer,HYBRID,250000,16847.13,4077.64,7825.23,22,16,6,0.727,22.394,0.155,0,0,0.479,0.083,0.851,0.115,33.342,DEV-96545,5970604931,VERIFIED,0
W00279,Kemi Abubakar,Accountant,HYBRID,280000,16661.52,4169.72,15848.76,22,15,7,0.682,16.717,0.204,1,0,0.679,0.083,0.814,0.131,17.152,DEV-53089,0540038040,VERIFIED,0
W00382,Tunde Etuk,HR Officer,HYBRID,250000,15509.76,5408.32,9831.92,22,12,10,0.545,8.0,0.0,0,1,0.474,0.218,0.953,0.123,14.625,DEV-60478,1403752621,VERIFIED,0
W00473,Tunde Adebayo,Engineer,HYBRID,320000,33717.95,8098.34,6823.71,22,19,3,0.864,21.496,0.091,0,0,0.484,0.0,1.0,0.152,1.0,DEV-95632,4112798148,VERIFIED,0
W00363,Temitope Okafor,Customer Support,REMOTE,180000,8394.37,2088.24,2837.39,22,16,6,0.727,19.018,0.115,1,0,0.142,0.017,0.782,0.074,19.671,DEV-17912,3170783579,VERIFIED,0
W00325,Sadiq Okafor,Operations Manager,ONSITE,450000,2278.83,1037.8,283.37,22,8,14,0.364,3.303,0.253,3,1,0.871,0.62,0.776,0.008,56.928,DEV-49092,8764985914,SUSPICIOUS,0
W00432,Tunde Eze,Security Officer,ONSITE,120000,4862.8,3284.04,2653.16,22,19,3,0.864,12.769,0.057,1,0,0.347,0.006,0.819,0.09,26.307,DEV-18770,4394133739,VERIFIED,0
W00348,Amina Adebayo,Accountant,HYBRID,280000,24084.23,13394.75,2001.02,22,17,5,0.773,14.791,0.104,2,0,0.498,0.178,0.825,0.141,12.797,DEV-11885,3622393399,VERIFIED,0
W00087,Ibrahim Abubakar,Engineer,HYBRID,320000,18667.59,5333.25,13759.16,22,13,9,0.591,13.004,0.206,0,0,0.606,0.056,0.795,0.118,21.763,DEV-32526,5401404968,VERIFIED,0
W00076,Ifeoma Ogunleye,Accountant,HYBRID,280000,17039.56,3190.85,10289.59,22,22,0,1.0,25.627,0.151,1,0,0.326,0.239,0.897,0.109,34.774,DEV-41891,1131713572,VERIFIED,0
W00439,Ibrahim Okonkwo,Operations Manager,ONSITE,450000,16706.9,10587.67,9155.43,22,16,6,0.727,17.731,0.103,1,0,0.4,0.038,0.966,0.081,14.004,DEV-68037,5785031025,VERIFIED,0
W00016,Tunde Usman,IT Admin,HYBRID,300000,13167.83,2705.21,3626.96,22,18,4,0.818,19.911,0.104,1,1,0.448,0.341,0.742,0.065,31.843,DEV-94419,4255245511,VERIFIED,0
W00250,Ibrahim Usman,Cleaner,ONSITE,90000,9368.93,1880.2,3330.87,22,18,4,0.818,30.0,0.144,0,0,0.285,0.068,0.902,0.162,4.735,DEV-87970,4774755763,VERIFIED,0
W00434,Kemi Balogun,Cleaner,ONSITE,90000,1418.34,470.66,271.0,22,19,3,0.864,27.366,0.129,0,0,0.508,0.022,0.635,0.024,21.347,DEV-50346,6493854382,VERIFIED,0
W00020,Amina Nwosu,Security Officer,ONSITE,120000,4798.11,2444.46,317.43,22,18,4,0.818,15.386,0.208,2,0,0.065,0.0,0.902,0.063,30.248,DEV-52637,1291360668,VERIFIED,0
W00323,Temitope Balogun,Accountant,HYBRID,280000,550.93,215.55,73.52,22,0,22,0.0,1.238,0.501,3,4,0.982,1.331,0.507,0.003,165.593,DEV-64330,7160764286,FLAGGED,1
W00333,Chukwuemeka Adebayo,Cleaner,ONSITE,90000,5219.95,1490.11,3009.94,22,15,7,0.682,14.195,0.177,1,1,0.522,0.03,0.826,0.108,1.0,DEV-41615,8546666648,VERIFIED,0
W00057,Ifeoma Usman,IT Admin,HYBRID,300000,14343.88,2658.86,8797.26,22,12,10,0.545,8.0,0.293,1,1,0.365,0.0,0.83,0.086,26.164,DEV-30559,4234773713,VERIFIED,0
W00302,Ifeoma Abubakar,Engineer,HYBRID,320000,21239.25,6030.09,6650.66,22,17,5,0.773,15.321,0.043,0,0,0.479,0.171,0.735,0.106,6.735,DEV-33723,2915877026,VERIFIED,0
W00230,Ifeoma Eze,Customer Support,REMOTE,180000,7070.13,1877.94,4191.93,22,16,6,0.727,22.367,0.12,0,1,0.525,0.199,0.57,0.073,30.141,DEV-48304,4841594600,VERIFIED,0
W00332,Tunde Okonkwo,Accountant,HYBRID,280000,15023.48,7682.78,533.74,22,15,7,0.682,24.619,0.173,1,0,0.793,0.259,0.967,0.083,1.0,DEV-59294,3034749474,VERIFIED,0
W00133,Efe Nwosu,Operations Manager,ONSITE,450000,22626.97,11130.48,11242.55,22,15,7,0.682,16.234,0.12,2,1,0.538,0.113,0.842,0.1,1.0,DEV-45625,9026555935,VERIFIED,0
W00138,Amina Abubakar,Operations Manager,ONSITE,450000,19280.72,9671.63,0.0,22,18,4,0.818,22.362,0.05,2,0,0.339,0.0,0.746,0.062,1.0,DEV-18572,2624039441,VERIFIED,0
W00424,Efe Etuk,Accountant,HYBRID,280000,17048.42,11684.47,5427.11,22,15,7,0.682,20.237,0.073,1,1,0.415,0.331,0.643,0.122,25.818,DEV-69594,4507111469,VERIFIED,0
W00336,Amina Okafor,Engineer,HYBRID,320000,21304.56,7529.68,10205.76,22,14,8,0.636,27.097,0.231,0,0,0.688,0.313,0.836,0.122,16.525,DEV-55801,0644852180,VERIFIED,0
W00026,Efe Ogunleye,Operations Manager,ONSITE,450000,29673.32,13573.21,11653.47,22,16,6,0.727,27.741,0.06,1,1,0.326,0.346,0.93,0.122,22.775,DEV-94018,9134380158,VERIFIED,0
W00465,Tunde Eze,Security Officer,ONSITE,120000,4939.97,2801.19,1138.84,22,13,9,0.591,4.116,0.144,0,1,0.539,0.507,0.684,0.074,142.698,DEV-84696,5425624794,SUSPICIOUS,0
W00282,Ifeoma Usman,Engineer,HYBRID,320000,18965.7,10605.09,9469.21,22,16,6,0.727,19.892,0.0,0,0,0.536,0.059,0.929,0.122,24.822,DEV-75598,2617718279,VERIFIED,0
W00248,Chukwuemeka Okafor,Customer Support,REMOTE,180000,2499.69,679.88,1680.43,22,15,7,0.682,8.0,0.0,2,0,0.163,0.202,0.771,0.027,47.391,DEV-63629,1129719500,VERIFIED,0
W00238,Tunde Balogun,Accountant,HYBRID,280000,21514.32,6991.24,11534.44,22,14,8,0.636,12.101,0.09,0,1,0.617,0.0,0.819,0.143,1.706,DEV-19391,5405674564,VERIFIED,0
W00118,Kemi Balogun,Accountant,HYBRID,280000,20813.69,11325.69,340.62,22,16,6,0.727,29.522,0.074,1,1,0.456,0.132,0.839,0.116,20.895,DEV-59676,2182145530,VERIFIED,0
W00043,Ibrahim Abubakar,Operations Manager,ONSITE,450000,37003.69,16617.64,13428.67,22,18,4,0.818,9.938,0.18,1,0,0.342,0.22,0.699,0.149,19.042,DEV-19767,6419461802,VERIFIED,0
W00221,Sadiq Usman,IT Admin,HYBRID,300000,24128.71,10790.49,12480.8,22,14,8,0.636,19.407,0.35,1,0,0.404,0.0,0.791,0.158,1.0,DEV-68196,5212789189,VERIFIED,0
W00177,Kemi Usman,Cleaner,ONSITE,90000,8359.75,1920.11,3040.14,22,16,6,0.727,19.283,0.004,0,0,0.57,0.062,0.663,0.148,38.326,DEV-25557,8048081060,VERIFIED,0
W00321,Amina Ogunleye,HR Officer,HYBRID,250000,8095.99,3792.75,5861.26,22,13,9,0.591,17.688,0.0,1,0,0.368,0.349,0.795,0.071,14.805,DEV-74414,5658610913,VERIFIED,0
W00154,Tunde Okafor,Operations Manager,ONSITE,450000,15462.47,6789.03,3398.5,22,9,13,0.409,5.083,0.396,3,1,0.789,0.296,0.8,0.057,69.289,DEV-18572,7687035339,SUSPICIOUS,0
W00232,Ngozi Okonkwo,HR Officer,HYBRID,250000,5407.22,1984.43,1608.35,22,1,21,0.045,3.513,0.426,2,3,0.907,1.339,0.0,0.036,292.832,DEV-64330,3300306128,FLAGGED,1
W00228,Efe Nwosu,Cleaner,ONSITE,90000,3436.96,1297.9,1475.14,22,14,8,0.636,9.082,0.05,0,0,0.189,0.07,0.805,0.069,3.09,DEV-14760,3253337692,VERIFIED,0
W00418,Kemi Abubakar,IT Admin,HYBRID,300000,0.0,0.0,0.0,22,12,10,0.545,7.557,0.22,2,0,0.735,0.442,0.702,0.0,53.456,DEV-77503,3154864818,SUSPICIOUS,0
W00204,Ifeoma Abubakar,Accountant,HYBRID,280000,11137.64,2942.25,3840.11,22,17,5,0.773,8.575,0.238,1,0,0.541,0.08,0.808,0.064,10.843,DEV-23864,6485195277,VERIFIED,0
W00127,Ibrahim Etuk,Engineer,HYBRID,320000,16518.11,7563.82,5678.07,22,18,4,0.818,15.262,0.029,0,0,0.471,0.236,0.955,0.093,12.171,DEV-49150,7618173770,VERIFIED,0
W00330,Chukwuemeka Nwosu,Accountant,HYBRID,280000,12547.78,4711.96,1500.26,22,4,18,0.182,7.382,0.319,2,1,0.77,0.523,0.597,0.067,96.54,DEV-46838,6883003674,SUSPICIOUS,0
W00032,Ngozi Ogunleye,Operations Manager,ONSITE,450000,0.0,0.0,0.0,22,9,13,0.409,4.196,0.559,2,1,0.97,0.712,0.479,0.0,54.799,DEV-99469,5504832296,SUSPICIOUS,0
W00114,Temitope Ogunleye,Operations Manager,ONSITE,450000,6219.85,2229.87,4150.28,22,7,15,0.318,0.819,0.672,2,1,0.977,1.466,0.0,0.028,288.241,DEV-38848,5983386067,FLAGGED,1
W00471,Tunde Ogunleye,Accountant,HYBRID,280000,17123.3,4284.36,3792.34,22,15,7,0.682,14.942,0.0,0,0,0.142,0.034,0.896,0.09,27.028,DEV-26443,1118678829,VERIFIED,0
W00272,Ibrahim Okonkwo,Operations Manager,ONSITE,450000,21193.06,7042.67,12264.27,22,15,7,0.682,9.606,0.387,1,1,0.935,0.487,0.85,0.09,41.552,DEV-49031,0816716758,SUSPICIOUS,0
W00141,Ifeoma Okafor,Operations Manager,ONSITE,450000,16612.64,3147.96,10389.4,22,20,2,0.909,14.558,0.224,2,1,0.241,0.238,0.915,0.067,25.899,DEV-18572,1940472753,VERIFIED,0
W00058,Efe Eze,Engineer,HYBRID,320000,23331.07,6894.31,20654.62,22,15,7,0.682,20.047,0.255,2,0,0.288,0.142,0.915,0.159,7.061,DEV-63629,5861265376,VERIFIED,0
W00193,Chukwuemeka Okonkwo,Security Officer,ONSITE,120000,438.01,299.95,222.04,22,2,20,0.091,6.0,0.704,4,4,0.804,0.25,0.101,0.008,105.798,DEV-45625,7749985509,FLAGGED,1
W00025,Chukwuemeka Abubakar,Security Officer,ONSITE,120000,10196.43,4392.56,4131.01,22,16,6,0.727,20.673,0.022,1,0,0.666,0.193,0.811,0.156,29.127,DEV-92145,7488405920,VERIFIED,0
W00018,Temitope Usman,HR Officer,HYBRID,250000,6480.71,4228.49,2040.8,22,11,11,0.5,6.205,0.45,2,0,0.627,0.726,0.493,0.051,79.173,DEV-31436,5887484290,SUSPICIOUS,0
W00266,Chukwuemeka Nwosu,IT Admin,HYBRID,300000,31694.18,14113.34,4292.48,22,19,3,0.864,16.857,0.059,1,0,0.308,0.128,0.643,0.167,1.0,DEV-53003,9908974436,VERIFIED,0
W00067,Efe Etuk,Security Officer,ONSITE,120000,5114.08,2524.11,3041.81,22,19,3,0.864,19.195,0.151,0,1,0.652,0.192,0.856,0.089,20.324,DEV-61562,1424378704,VERIFIED,0
W00209,Temitope Etuk,HR Officer,HYBRID,250000,4390.99,2310.48,298.53,22,0,22,0.0,5.472,0.485,2,3,0.777,0.843,0.513,0.028,270.687,DEV-38848,3300306128,FLAGGED,1
W00480,Tunde Usman,Accountant,HYBRID,280000,307.18,113.75,139.07,22,5,17,0.227,1.11,0.533,1,1,0.909,0.497,0.23,0.002,85.133,DEV-91860,0530181934,FLAGGED,1
W00095,Efe Adebayo,Cleaner,ONSITE,90000,843.43,268.76,147.81,22,7,15,0.318,2.619,0.383,3,3,0.777,0.434,0.198,0.014,177.081,DEV-18572,5856766981,FLAGGED,1
W00254,Sadiq Usman,Security Officer,ONSITE,120000,1532.93,510.21,356.86,22,16,6,0.727,12.121,0.196,2,1,0.448,0.165,0.749,0.02,23.169,DEV-46838,6136093300,VERIFIED,0
W00267,Ifeoma Okafor,Operations Manager,ONSITE,450000,6639.01,2120.7,5190.29,22,6,16,0.273,6.0,0.747,5,3,0.814,0.844,0.477,0.031,229.348,DEV-49092,1304479766,FLAGGED,1
W00024,Sadiq Ogunleye,IT Admin,HYBRID,300000,0.0,0.0,0.0,22,2,20,0.091,2.758,0.718,2,1,0.789,0.452,0.521,0.0,209.818,DEV-63629,5911814549,FLAGGED,1
W00223,Chukwuemeka Abubakar,Customer Support,REMOTE,180000,2584.72,819.84,1995.44,22,12,10,0.545,2.633,0.717,4,1,1.0,0.658,0.0,0.03,94.899,DEV-52637,2934799937,FLAGGED,1
W00262,Tunde Usman,Engineer,HYBRID,320000,22962.95,10745.48,5011.57,22,16,6,0.727,8.0,0.083,0,0,0.113,0.269,0.781,0.121,31.621,DEV-85070,0147797362,VERIFIED,0
W00427,Kemi Etuk,IT Admin,HYBRID,300000,10509.97,5610.27,2179.76,22,17,5,0.773,23.747,0.228,1,1,0.125,0.0,0.79,0.061,1.0,DEV-16425,5690508106,VERIFIED,0
W00006,Efe Nwosu,Security Officer,ONSITE,120000,9172.35,2972.69,2254.96,22,17,5,0.773,18.341,0.146,1,0,0.378,0.204,0.889,0.12,25.843,DEV-46219,7832033196,VERIFIED,0
W00117,Amina Etuk,HR Officer,HYBRID,250000,0.0,0.0,0.0,22,6,16,0.273,3.34,0.494,5,4,0.75,0.763,0.466,0.0,45.0,DEV-38848,5983386067,FLAGGED,1
W00046,Sadiq Ogunleye,Engineer,HYBRID,320000,23565.36,7697.67,2976.97,22,17,5,0.773,28.234,0.0,0,0,0.377,0.121,0.686,0.107,29.494,DEV-90405,1949526909,VERIFIED,0
W00017,Ibrahim Etuk,IT Admin,HYBRID,300000,20827.23,9255.61,1717.16,22,19,3,0.864,8.039,0.13,0,0,0.546,0.123,0.984,0.106,11.342,DEV-95249,7016086413,VERIFIED,0
W00463,Temitope Nwosu,Engineer,HYBRID,320000,19984.15,8901.71,9514.14,22,16,6,0.727,22.644,0.204,2,0,0.375,0.0,0.815,0.12,25.144,DEV-45625,8487351816,VERIFIED,0
W00358,Ifeoma Ogunleye,IT Admin,HYBRID,300000,24564.34,5483.26,9852.4,22,12,10,0.545,11.175,0.245,1,0,0.339,0.263,0.818,0.133,14.332,DEV-15891,0781051798,VERIFIED,0
W00004,Efe Okonkwo,HR Officer,HYBRID,250000,13003.85,7319.8,1926.35,22,16,6,0.727,14.751,0.181,0,0,0.415,0.197,0.666,0.089,14.735,DEV-42645,4630756532,VERIFIED,0
W00219,Ifeoma Balogun,Engineer,HYBRID,320000,18098.16,6502.91,5158.93,22,16,6,0.727,12.787,0.205,1,0,0.343,0.112,0.776,0.093,2.459,DEV-87620,6781393480,VERIFIED,0
W00406,Sadiq Abubakar,Operations Manager,ONSITE,450000,31599.48,8912.8,8987.72,22,14,8,0.636,20.593,0.32,2,1,0.287,0.065,1.0,0.11,28.49,DEV-52637,3021341227,VERIFIED,0
W00061,Ngozi Abubakar,Customer Support,REMOTE,180000,13329.62,6552.85,0.0,22,15,7,0.682,20.875,0.067,1,0,0.437,0.093,0.808,0.106,1.0,DEV-88610,5578480146,VERIFIED,0
W00111,Kemi Eze,HR Officer,HYBRID,250000,7965.28,3930.87,0.0,22,16,6,0.727,8.0,0.097,1,0,0.05,0.0,0.87,0.046,1.0,DEV-96563,9838134463,VERIFIED,0
W00319,Ngozi Usman,Accountant,HYBRID,280000,4630.81,2165.34,1883.85,22,17,5,0.773,17.791,0.169,2,0,0.597,0.19,0.764,0.031,4.633,DEV-64330,6989553124,VERIFIED,0
W00429,Efe Abubakar,Accountant,HYBRID,280000,5464.41,1918.73,4376.86,22,10,12,0.455,0.0,0.652,3,2,0.936,1.262,0.288,0.042,85.445,DEV-31436,3300306128,FLAGGED,1
W00030,Ifeoma Balogun,Customer Support,REMOTE,180000,7274.06,2261.33,5584.61,22,15,7,0.682,21.686,0.005,1,0,0.636,0.145,0.898,0.084,9.598,DEV-52318,0644539742,VERIFIED,0
W00438,Sadiq Okonkwo,Security Officer,ONSITE,120000,8362.8,2214.82,2622.38,22,11,11,0.5,25.56,0.089,2,0,0.618,0.195,0.793,0.11,38.145,DEV-63629,3896398734,VERIFIED,0
W00472,Sadiq Eze,Cleaner,ONSITE,90000,2678.41,834.85,1166.74,22,18,4,0.818,20.011,0.215,0,0,0.473,0.11,0.685,0.052,16.317,DEV-18713,3520616221,VERIFIED,0
W00027,Ifeoma Okafor,HR Officer,HYBRID,250000,18227.16,7953.39,1569.45,22,13,9,0.591,17.992,0.105,1,1,0.447,0.293,0.942,0.111,30.896,DEV-98585,3188091675,VERIFIED,0
W00008,Chukwuemeka Eze,Operations Manager,ONSITE,450000,35528.26,6822.88,11198.86,22,16,6,0.727,17.499,0.238,0,0,0.331,0.133,0.804,0.119,18.383,DEV-24207,2385678451,VERIFIED,0
W00454,Efe Usman,Customer Support,REMOTE,180000,8562.9,2808.72,4648.38,22,12,10,0.545,16.842,0.102,0,0,0.366,0.327,0.883,0.089,19.945,DEV-18109,3454765890,VERIFIED,0
W00109,Ibrahim Eze,HR Officer,HYBRID,250000,12967.95,6123.44,158.61,22,14,8,0.636,16.534,0.122,0,0,0.22,0.209,0.677,0.077,9.962,DEV-46283,0515927601,VERIFIED,0
W00038,Sadiq Okonkwo,Cleaner,ONSITE,90000,5558.82,2143.7,307.48,22,12,10,0.545,14.097,0.02,0,0,0.512,0.16,0.737,0.089,45.295,DEV-75911,9101084815,VERIFIED,0
W00158,Chukwuemeka Eze,Accountant,HYBRID,280000,2849.92,1526.98,1223.1,22,15,7,0.682,19.422,0.275,0,0,0.557,0.2,0.969,0.02,22.091,DEV-26142,4749820431,VERIFIED,0
W00490,Chukwuemeka Ogunleye,Engineer,HYBRID,320000,15769.75,4023.93,4206.32,22,14,8,0.636,30.0,0.139,0,0,0.079,0.144,0.738,0.075,3.517,DEV-96939,4480700244,VERIFIED,0
W00119,Ibrahim Nwosu,Engineer,HYBRID,320000,17196.37,8193.99,11729.64,22,15,7,0.682,14.911,0.217,0,0,0.374,0.212,0.751,0.116,11.956,DEV-59958,0808176821,VERIFIED,0
W00115,Amina Eze,HR Officer,HYBRID,250000,8822.92,3392.4,7284.68,22,17,5,0.773,14.312,0.198,1,1,0.337,0.042,0.803,0.078,61.535,DEV-80067,1812776233,VERIFIED,0
W00176,Ifeoma Usman,Customer Support,REMOTE,180000,1927.65,981.94,150.41,22,11,11,0.5,9.535,0.647,1,1,0.708,0.693,0.25,0.017,41.36,DEV-78601,8714081847,SUSPICIOUS,0
W00374,Ibrahim Ogunleye,Customer Support,REMOTE,180000,10778.24,2985.59,2616.17,22,17,5,0.773,30.0,0.145,0,0,0.525,0.035,0.929,0.091,28.919,DEV-35534,1832514162,VERIFIED,0
W00182,Temitope Usman,HR Officer,HYBRID,250000,1886.0,603.32,1510.68,22,1,21,0.045,0.254,0.344,2,0,0.934,0.444,0.325,0.016,220.199,DEV-11885,3329043023,FLAGGED,1
W00145,Ifeoma Okonkwo,Cleaner,ONSITE,90000,1861.77,1153.13,855.1,22,8,14,0.364,4.745,0.209,1,0,0.751,0.571,0.282,0.043,39.668,DEV-21056,8669278615,SUSPICIOUS,0
W00370,Ngozi Eze,Operations Manager,ONSITE,450000,27255.05,14711.84,12483.11,22,15,7,0.682,13.718,0.153,0,0,0.626,0.024,0.887,0.121,19.692,DEV-22755,2877593840,VERIFIED,0
W00391,Temitope Abubakar,Security Officer,ONSITE,120000,9767.01,4540.11,0.0,22,15,7,0.682,30.0,0.221,1,0,0.468,0.0,0.697,0.119,13.446,DEV-44849,3360270833,VERIFIED,0
W00196,Ifeoma Ogunleye,Customer Support,REMOTE,180000,8002.3,3318.21,559.49,22,9,13,0.409,10.687,0.381,1,2,0.792,0.447,0.496,0.066,63.701,DEV-10898,5049633971,SUSPICIOUS,0
W00405,Sadiq Adebayo,HR Officer,HYBRID,250000,13598.22,6163.46,8988.32,22,15,7,0.682,15.426,0.121,0,0,0.492,0.254,1.0,0.115,15.265,DEV-21229,6215965217,VERIFIED,0
W00276,Ifeoma Okonkwo,Operations Manager,ONSITE,450000,26340.12,12486.01,7523.87,22,15,7,0.682,10.815,0.35,1,0,0.395,0.0,0.783,0.103,24.934,DEV-89868,8605311307,VERIFIED,0
W00455,Ibrahim Usman,IT Admin,HYBRID,300000,6323.93,3960.94,2015.13,22,17,5,0.773,11.877,0.159,0,0,0.324,0.086,0.595,0.041,26.883,DEV-17654,2180734439,VERIFIED,0
W00142,Sadiq Okonkwo,Operations Manager,ONSITE,450000,15919.12,5737.69,5343.19,22,18,4,0.818,8.715,0.491,2,2,0.896,0.442,0.432,0.06,59.001,DEV-99469,6311323246,SUSPICIOUS,0
W00366,Ngozi Usman,Accountant,HYBRID,280000,9452.15,2281.16,4506.69,22,17,5,0.773,8.574,0.183,2,0,0.554,0.221,0.903,0.058,40.753,DEV-38848,0994778419,VERIFIED,0
W00068,Tunde Adebayo,Accountant,HYBRID,280000,21294.41,6188.12,8357.47,22,17,5,0.773,9.051,0.095,1,0,0.367,0.159,0.947,0.128,29.469,DEV-34759,7538250049,VERIFIED,0
W00211,Ngozi Okonkwo,IT Admin,HYBRID,300000,18003.4,7026.72,2269.88,22,16,6,0.727,12.463,0.0,0,0,0.643,0.163,1.0,0.091,25.91,DEV-11310,8087275235,VERIFIED,0
W00169,Efe Balogun,Cleaner,ONSITE,90000,3922.07,2226.03,1051.9,22,15,7,0.682,28.353,0.155,1,0,0.337,0.073,0.928,0.08,33.231,DEV-78076,2817854020,VERIFIED,0
W00494,Kemi Usman,Security Officer,ONSITE,120000,8100.2,2985.16,3194.64,22,14,8,0.636,30.0,0.143,0,1,0.311,0.0,0.66,0.119,38.478,DEV-69167,4769021360,VERIFIED,0
W00376,Ngozi Usman,HR Officer,HYBRID,250000,16936.48,7155.16,1158.36,22,12,10,0.545,8.0,0.019,1,0,0.407,0.198,0.825,0.101,45.361,DEV-57706,0620047716,VERIFIED,0
W00401,Ifeoma Etuk,HR Officer,HYBRID,250000,1983.87,1081.83,684.3,22,10,12,0.455,5.789,0.668,1,0,0.701,0.535,0.402,0.015,99.253,DEV-73319,9184624383,SUSPICIOUS,0
W00273,Ngozi Eze,Accountant,HYBRID,280000,3912.01,971.66,1276.33,22,14,8,0.636,17.274,0.0,1,1,0.325,0.008,0.668,0.022,32.315,DEV-25091,0265410824,VERIFIED,0
W00110,Efe Usman,Security Officer,ONSITE,120000,2567.74,746.86,1125.4,22,15,7,0.682,5.528,0.466,2,1,0.97,0.176,0.536,0.037,180.0,DEV-18572,2400571687,SUSPICIOUS,0
W00249,Ngozi Usman,Accountant,HYBRID,280000,8724.06,6064.87,3131.07,22,15,7,0.682,25.462,0.0,1,0,0.347,0.169,0.857,0.064,1.457,DEV-29302,2262924790,VERIFIED,0
W00146,Kemi Okonkwo,Security Officer,ONSITE,120000,5438.49,2502.69,3698.82,22,15,7,0.682,18.592,0.036,0,1,0.576,0.0,0.81,0.097,1.0,DEV-18123,3873188568,VERIFIED,0
W00093,Kemi Abubakar,Security Officer,ONSITE,120000,9197.91,3684.68,2117.41,22,21,1,0.955,8.0,0.092,1,0,0.549,0.104,0.973,0.125,20.295,DEV-65155,3477397084,VERIFIED,0
W00153,Ibrahim Nwosu,Operations Manager,ONSITE,450000,16928.21,8269.21,6752.58,22,19,3,0.864,24.005,0.215,1,0,0.583,0.058,0.624,0.071,10.681,DEV-58042,7555429021,VERIFIED,0
W00368,Ibrahim Etuk,Operations Manager,ONSITE,450000,12900.2,2982.69,5267.11,22,12,10,0.545,6.303,0.122,1,0,0.632,0.205,0.512,0.047,147.228,DEV-92984,7720041721,SUSPICIOUS,0
W00468,Kemi Nwosu,HR Officer,HYBRID,250000,401.63,218.75,129.62,22,4,18,0.182,4.761,0.67,5,3,1.0,0.728,0.062,0.003,45.0,DEV-11885,5022765745,FLAGGED,1
W00084,Ifeoma Adebayo,HR Officer,HYBRID,250000,21183.98,8623.64,12942.38,22,13,9,0.591,22.934,0.021,2,0,0.549,0.186,0.788,0.171,4.966,DEV-63629,9271912134,VERIFIED,0
W00246,Temitope Ogunleye,Security Officer,ONSITE,120000,1948.19,455.37,956.44,22,16,6,0.727,16.389,0.098,0,1,0.274,0.165,0.837,0.028,33.091,DEV-33058,6371828890,VERIFIED,0
W00166,Ngozi Balogun,IT Admin,HYBRID,300000,23959.1,9974.03,12566.87,22,21,1,0.955,25.545,0.245,2,0,0.154,0.083,0.78,0.155,22.033,DEV-18572,0547866088,VERIFIED,0
W00164,Ifeoma Okonkwo,Engineer,HYBRID,320000,16653.79,3234.66,7311.55,22,16,6,0.727,21.072,0.186,1,0,0.069,0.177,0.696,0.085,21.245,DEV-14910,6520811377,VERIFIED,0
W00200,Ibrahim Okonkwo,Accountant,HYBRID,280000,27116.96,10598.88,8484.16,22,19,3,0.864,8.0,0.057,1,0,0.212,0.19,0.648,0.165,7.954,DEV-12046,7598770563,VERIFIED,0
W00229,Ngozi Okonkwo,Operations Manager,ONSITE,450000,16212.07,8696.51,10641.42,22,17,5,0.773,24.771,0.1,1,0,0.234,0.117,1.0,0.079,1.0,DEV-55738,1018726237,VERIFIED,0
W00075,Ifeoma Abubakar,Accountant,HYBRID,280000,16507.6,7054.67,237.73,22,16,6,0.727,23.541,0.105,1,1,0.534,0.17,0.869,0.085,10.98,DEV-79197,1017661869,VERIFIED,0
W00479,Sadiq Usman,Customer Support,REMOTE,180000,10084.26,3258.44,1237.3,22,20,2,0.909,8.738,0.064,0,0,0.624,0.0,0.789,0.081,1.0,DEV-11435,4557632989,VERIFIED,0
W00359,Ngozi Nwosu,Customer Support,REMOTE,180000,8334.38,4899.76,2785.86,22,16,6,0.727,17.864,0.224,1,0,0.394,0.172,0.87,0.089,30.795,DEV-53905,8020217260,VERIFIED,0
W00251,Kemi Ogunleye,HR Officer,HYBRID,250000,16472.28,6380.46,2147.26,22,15,7,0.682,24.343,0.204,0,0,0.245,0.318,0.861,0.1,27.449,DEV-59139,3554844818,VERIFIED,0
W00120,Tunde Adebayo,Accountant,HYBRID,280000,14444.83,4637.19,5837.98,22,18,4,0.818,17.039,0.236,0,0,0.291,0.241,1.0,0.089,2.759,DEV-43728,5707231988,VERIFIED,0
W00311,Temitope Usman,Operations Manager,ONSITE,450000,21995.71,11902.03,6152.26,22,12,10,0.545,14.767,0.0,0,0,0.645,0.038,0.896,0.089,1.294,DEV-92150,5304561214,VERIFIED,0
W00300,Ibrahim Balogun,Accountant,HYBRID,280000,16516.1,6601.58,682.32,22,13,9,0.591,18.411,0.105,1,0,0.8,0.038,0.814,0.085,45.842,DEV-84598,7145047275,VERIFIED,0
W00256,Temitope Abubakar,IT Admin,HYBRID,300000,18429.37,7240.97,13929.66,22,16,6,0.727,17.01,0.236,2,0,0.631,0.0,0.957,0.132,18.468,DEV-18572,3866571942,VERIFIED,0
W00355,Ifeoma Usman,Customer Support,REMOTE,180000,7264.14,3614.95,2980.91,22,15,7,0.682,15.876,0.267,2,0,0.208,0.224,0.961,0.077,15.489,DEV-31436,6802438796,VERIFIED,0
W00400,Chukwuemeka Okafor,Accountant,HYBRID,280000,10734.94,6585.11,3679.95,22,12,10,0.545,20.905,0.177,0,1,0.302,0.097,0.646,0.075,2.262,DEV-48719,7576717650,VERIFIED,0
W00226,Chukwuemeka Ogunleye,Cleaner,ONSITE,90000,4794.62,1704.01,881.37,22,11,11,0.5,30.0,0.207,1,0,0.724,0.245,0.878,0.082,10.139,DEV-37994,6732853455,VERIFIED,0
W00354,Chukwuemeka Balogun,Security Officer,ONSITE,120000,9349.77,2164.72,7445.51,22,16,6,0.727,23.379,0.273,0,0,0.663,0.066,1.0,0.158,33.072,DEV-86823,8048931858,VERIFIED,0
W00235,Efe Okafor,Operations Manager,ONSITE,450000,22753.1,9217.45,4029.45,22,18,4,0.818,29.451,0.194,0,0,0.56,0.226,1.0,0.08,26.764,DEV-63814,4445656371,VERIFIED,0
W00383,Kemi Adebayo,Cleaner,ONSITE,90000,3137.17,1294.38,2048.45,22,17,5,0.773,18.258,0.093,1,0,0.724,0.257,0.899,0.072,28.64,DEV-53897,8692799871,VERIFIED,0
W00275,Amina Eze,Operations Manager,ONSITE,450000,13977.7,4771.9,4650.4,22,9,13,0.409,10.594,0.659,1,2,0.945,0.369,0.45,0.052,36.545,DEV-80237,7316324606,SUSPICIOUS,0
W00037,Kemi Adebayo,Cleaner,ONSITE,90000,980.74,408.38,140.88,22,8,14,0.364,6.578,0.274,3,1,0.743,0.646,0.554,0.017,64.684,DEV-38848,2102296613,SUSPICIOUS,0
W00197,Kemi Adebayo,HR Officer,HYBRID,250000,16254.83,4414.0,3581.17,22,16,6,0.727,24.046,0.122,0,0,0.592,0.088,0.665,0.097,19.774,DEV-92110,6048233935,VERIFIED,0
W00140,Ibrahim Okonkwo,Security Officer,ONSITE,120000,4955.3,719.97,1404.73,22,7,15,0.318,6.671,0.75,1,0,0.849,0.575,0.539,0.059,177.588,DEV-27667,3309321749,SUSPICIOUS,0
W00365,Ifeoma Okafor,IT Admin,HYBRID,300000,34552.18,14864.84,3382.98,22,17,5,0.773,30.0,0.011,1,0,0.727,0.076,0.725,0.176,2.28,DEV-72956,4374077133,VERIFIED,0
W00245,Ngozi Okafor,Security Officer,ONSITE,120000,4329.87,2677.29,2232.84,22,17,5,0.773,8.0,0.092,2,0,0.494,0.0,0.93,0.077,3.985,DEV-38848,0178480666,VERIFIED,0
W00440,Chukwuemeka Usman,HR Officer,HYBRID,250000,8761.15,3787.71,1201.14,22,12,10,0.545,8.095,0.649,1,0,0.788,0.652,0.749,0.055,125.895,DEV-20724,4171431936,SUSPICIOUS,0
W00287,Ifeoma Etuk,Operations Manager,ONSITE,450000,31544.75,19230.75,14924.5,22,15,7,0.682,27.742,0.271,2,1,0.498,0.19,0.666,0.146,13.543,DEV-18572,1783045004,VERIFIED,0
W00060,Amina Eze,Customer Support,REMOTE,180000,11713.42,4415.12,4751.46,22,14,8,0.636,10.807,0.06,0,0,0.067,0.269,0.863,0.116,3.838,DEV-20119,1927198246,VERIFIED,0
W00112,Ifeoma Usman,HR Officer,HYBRID,250000,14424.54,6542.41,4033.05,22,16,6,0.727,9.222,0.077,0,0,0.751,0.104,0.74,0.1,30.711,DEV-77693,9667045743,VERIFIED,0
W00090,Amina Nwosu,Accountant,HYBRID,280000,10127.75,1662.54,3889.71,22,19,3,0.864,12.248,0.128,2,0,0.215,0.299,0.787,0.056,19.606,DEV-64330,5883333100,VERIFIED,0
W00437,Temitope Etuk,IT Admin,HYBRID,300000,6037.78,4040.87,1921.35,22,17,5,0.773,12.592,0.142,0,1,0.17,0.172,0.631,0.04,22.538,DEV-96970,6506539692,VERIFIED,0
W00007,Ifeoma Abubakar,Operations Manager,ONSITE,450000,16536.64,3019.06,7894.3,22,13,9,0.591,12.187,0.205,2,0,0.367,0.098,0.865,0.061,1.0,DEV-64330,8651682350,VERIFIED,0
W00361,Ifeoma Eze,Accountant,HYBRID,280000,14139.96,4956.77,6663.27,22,16,6,0.727,19.521,0.0,1,0,0.32,0.14,0.768,0.092,33.129,DEV-97979,3516096793,VERIFIED,0
W00347,Ifeoma Ogunleye,Engineer,HYBRID,320000,4656.18,2126.72,1857.1,22,6,16,0.273,6.0,0.3,5,2,0.893,0.707,0.123,0.027,192.634,DEV-64330,4375023984,FLAGGED,1
W00339,Sadiq Eze,Engineer,HYBRID,320000,12450.82,6086.54,1302.64,22,16,6,0.727,20.229,0.206,2,0,0.499,0.224,0.767,0.062,9.833,DEV-49092,0549160778,VERIFIED,0
W00159,Efe Etuk,HR Officer,HYBRID,250000,17984.37,5092.33,3173.3,22,14,8,0.636,22.226,0.126,0,1,0.204,0.122,1.0,0.105,1.0,DEV-18185,7668075292,VERIFIED,0
W00151,Chukwuemeka Okafor,Cleaner,ONSITE,90000,3727.18,932.09,1550.73,22,16,6,0.727,22.827,0.054,1,0,0.757,0.062,0.886,0.069,22.437,DEV-59554,9583797659,VERIFIED,0
W00178,Temitope Balogun,IT Admin,HYBRID,300000,11751.97,6672.47,3775.56,22,18,4,0.818,29.323,0.0,0,0,0.396,0.186,0.793,0.074,1.0,DEV-20999,2540860714,VERIFIED,0
W00394,Efe Adebayo,Customer Support,REMOTE,180000,5243.04,2268.39,48.57,22,7,15,0.318,3.265,0.651,0,1,0.97,0.848,0.85,0.042,127.529,DEV-58220,3878642285,SUSPICIOUS,0
W00185,Sadiq Etuk,Security Officer,ONSITE,120000,4098.61,2197.44,2463.95,22,18,4,0.818,17.92,0.041,2,0,0.482,0.0,0.811,0.073,29.121,DEV-38848,3744927062,VERIFIED,0
W00450,Ngozi Eze,Security Officer,ONSITE,120000,6589.23,3466.57,1584.2,22,18,4,0.818,25.057,0.073,0,0,0.289,0.286,0.792,0.097,21.301,DEV-96193,7610882073,VERIFIED,0
W00011,Ifeoma Nwosu,Customer Support,REMOTE,180000,2356.83,1169.45,253.72,22,21,1,0.955,21.396,0.031,1,0,0.441,0.249,1.0,0.021,10.013,DEV-63794,8379560337,VERIFIED,0
W00381,Kemi Etuk,Operations Manager,ONSITE,450000,37910.05,10058.27,35281.68,22,18,4,0.818,24.813,0.066,1,1,0.354,0.107,0.901,0.185,14.554,DEV-28273,7657171612,VERIFIED,0
W00104,Temitope Adebayo,HR Officer,HYBRID,250000,16648.48,10160.96,5690.56,22,19,3,0.864,19.018,0.177,1,0,0.68,0.24,0.931,0.13,25.488,DEV-17431,1615649290,VERIFIED,0
W00082,Ngozi Abubakar,Customer Support,REMOTE,180000,0.0,0.0,0.0,22,8,14,0.364,0.354,0.664,1,1,0.835,0.638,0.174,0.0,253.717,DEV-20299,0530181934,FLAGGED,1
W00039,Amina Balogun,IT Admin,HYBRID,300000,8444.59,1699.8,6655.61,22,6,16,0.273,11.413,0.545,0,0,0.97,0.435,0.663,0.056,61.865,DEV-21355,8603752745,SUSPICIOUS,0
W00315,Chukwuemeka Adebayo,Engineer,HYBRID,320000,8474.07,3661.08,4824.85,22,20,2,0.909,16.694,0.238,0,1,0.559,0.0,0.848,0.053,47.26,DEV-80519,2369874241,VERIFIED,0
W00168,Tunde Abubakar,Accountant,HYBRID,280000,17992.49,8481.09,4886.42,22,19,3,0.864,10.32,0.052,1,0,0.793,0.082,0.836,0.112,20.408,DEV-35952,0306526414,VERIFIED,0
W00470,Tunde Abubakar,Accountant,HYBRID,280000,8363.57,4688.67,4027.76,22,14,8,0.636,20.994,0.216,0,0,0.362,0.0,1.0,0.061,6.687,DEV-14984,6134825484,VERIFIED,0
W00297,Efe Ogunleye,HR Officer,HYBRID,250000,22555.12,15112.25,11332.63,22,18,4,0.818,8.0,0.083,1,0,0.434,0.089,0.946,0.196,21.685,DEV-46761,7811736217,VERIFIED,0
W00475,Tunde Abubakar,HR Officer,HYBRID,250000,14745.67,5285.74,11718.59,22,15,7,0.682,16.377,0.087,0,0,0.541,0.0,0.889,0.127,6.627,DEV-16076,6209306695,VERIFIED,0
W00199,Sadiq Usman,Engineer,HYBRID,320000,10755.44,5045.84,5958.72,22,20,2,0.909,23.189,0.159,1,0,0.552,0.215,0.851,0.068,43.461,DEV-51820,3111568759,VERIFIED,0
W00298,Tunde Etuk,HR Officer,HYBRID,250000,7185.77,2628.9,5435.33,22,20,2,0.909,16.331,0.038,2,0,0.1,0.409,0.751,0.061,33.279,DEV-63629,9214960173,VERIFIED,0
W00417,Kemi Balogun,Operations Manager,ONSITE,450000,9010.0,5439.54,5350.46,22,12,10,0.545,10.489,0.467,2,0,0.815,0.55,0.275,0.044,84.788,DEV-18572,8076642193,SUSPICIOUS,0
W00147,Ifeoma Okafor,HR Officer,HYBRID,250000,2568.26,988.76,1192.98,22,4,18,0.182,3.919,0.441,2,2,0.795,1.346,0.213,0.019,101.306,DEV-64330,4375023984,FLAGGED,1
W00393,Efe Abubakar,Cleaner,ONSITE,90000,4391.71,1074.83,2993.46,22,19,3,0.864,16.462,0.168,1,0,0.306,0.0,0.829,0.094,21.097,DEV-64362,2343687086,VERIFIED,0
W00148,Ngozi Abubakar,HR Officer,HYBRID,250000,24774.17,10832.47,1643.36,22,14,8,0.636,16.802,0.075,1,0,0.355,0.176,0.849,0.149,30.009,DEV-71383,0070013140,VERIFIED,0
W00448,Temitope Nwosu,Cleaner,ONSITE,90000,5032.15,2938.8,579.05,22,20,2,0.909,18.517,0.06,0,0,0.528,0.353,0.944,0.095,11.831,DEV-48506,4024268095,VERIFIED,0
W00288,Ifeoma Adebayo,Customer Support,REMOTE,180000,9832.44,3377.21,5510.35,22,13,9,0.591,19.793,0.062,2,0,0.434,0.138,0.732,0.104,27.618,DEV-18572,4046117316,VERIFIED,0
W00124,Tunde Nwosu,HR Officer,HYBRID,250000,10465.03,2175.57,4609.4,22,4,18,0.182,7.222,0.339,1,2,0.906,0.372,0.395,0.069,35.363,DEV-76531,0640111649,SUSPICIOUS,0
W00369,Tunde Usman,HR Officer,HYBRID,250000,10491.8,3549.51,2458.69,22,14,8,0.636,21.581,0.182,2,0,0.458,0.161,1.0,0.066,36.719,DEV-45625,8685655287,VERIFIED,0
W00097,Kemi Balogun,IT Admin,HYBRID,300000,5734.11,2671.58,0.0,22,9,13,0.409,9.184,0.486,3,0,0.732,0.466,0.525,0.028,56.432,DEV-64330,3974547018,SUSPICIOUS,0
W00144,Ngozi Eze,IT Admin,HYBRID,300000,16885.37,7639.75,6074.88,22,18,4,0.818,24.37,0.075,0,0,0.774,0.125,0.971,0.102,2.628,DEV-39303,9684491820,VERIFIED,0
W00240,Sadiq Abubakar,HR Officer,HYBRID,250000,17261.62,10193.12,6045.26,22,12,10,0.545,16.609,0.241,0,0,0.401,0.103,0.839,0.134,13.117,DEV-38151,5216565245,VERIFIED,0
W00443,Efe Ogunleye,Cleaner,ONSITE,90000,5084.56,2764.11,611.33,22,20,2,0.909,10.32,0.064,1,0,0.525,0.201,0.772,0.094,49.912,DEV-23980,2948292483,VERIFIED,0
W00098,Ibrahim Adebayo,Security Officer,ONSITE,120000,7264.76,1732.79,5762.45,22,12,10,0.545,23.228,0.162,0,0,0.453,0.0,0.781,0.123,41.315,DEV-52893,5319182356,VERIFIED,0
W00408,Ifeoma Okonkwo,Cleaner,ONSITE,90000,7973.3,4256.81,279.89,22,22,0,1.0,21.686,0.277,0,0,0.255,0.127,0.9,0.139,30.514,DEV-41936,0022087657,VERIFIED,0
W00123,Ibrahim Nwosu,Customer Support,REMOTE,180000,9268.07,2361.98,4929.95,22,16,6,0.727,11.606,0.258,0,0,0.117,0.086,0.975,0.092,31.065,DEV-17742,0367940543,VERIFIED,0
W00184,Amina Abubakar,Cleaner,ONSITE,90000,3299.09,1526.89,1834.02,22,13,9,0.591,20.779,0.163,1,0,0.587,0.173,1.0,0.074,22.466,DEV-92736,8552708581,VERIFIED,0
W00203,Ifeoma Nwosu,HR Officer,HYBRID,250000,6803.15,3388.95,1557.9,22,14,8,0.636,30.0,0.129,0,0,0.486,0.237,0.901,0.047,34.936,DEV-72633,1135461947,VERIFIED,0
W00247,Ngozi Usman,HR Officer,HYBRID,250000,11133.52,5717.81,5148.67,22,17,5,0.773,8.0,0.0,0,0,0.389,0.273,0.813,0.088,1.0,DEV-16373,6156070217,VERIFIED,0
W00306,Efe Abubakar,HR Officer,HYBRID,250000,8192.15,1687.9,5369.95,22,19,3,0.864,16.484,0.079,2,0,0.456,0.0,0.748,0.061,26.793,DEV-45625,2343401617,VERIFIED,0
W00299,Amina Okafor,Engineer,HYBRID,320000,23651.1,4898.33,7610.57,22,18,4,0.818,17.977,0.123,0,0,0.364,0.041,1.0,0.113,42.349,DEV-96382,7721459027,VERIFIED,0
W00352,Efe Etuk,Cleaner,ONSITE,90000,9786.85,4143.91,1099.24,22,14,8,0.636,22.416,0.209,1,0,0.375,0.195,0.922,0.167,22.856,DEV-90477,8660114886,VERIFIED,0
W00387,Chukwuemeka Adebayo,Cleaner,ONSITE,90000,5024.36,801.91,1913.73,22,18,4,0.818,30.0,0.043,1,0,0.713,0.089,1.0,0.086,47.595,DEV-33251,9886527997,VERIFIED,0
W00396,Chukwuemeka Ogunleye,Customer Support,REMOTE,180000,5434.34,2133.0,1072.66,22,16,6,0.727,17.745,0.082,1,0,0.45,0.147,0.765,0.048,37.658,DEV-91399,1980595817,VERIFIED,0
W00285,Efe Ogunleye,Cleaner,ONSITE,90000,1434.72,734.25,981.03,22,13,9,0.591,7.545,0.1,2,2,0.819,0.465,0.661,0.035,92.897,DEV-38848,7992524408,SUSPICIOUS,0
W00126,Tunde Okafor,Customer Support,REMOTE,180000,2222.0,1192.98,1265.02,22,10,12,0.455,12.0,0.385,3,2,0.826,0.272,0.632,0.026,49.598,DEV-63629,5296589792,SUSPICIOUS,0
W00303,Ngozi Ogunleye,Engineer,HYBRID,320000,6024.89,3822.81,2952.3,22,6,16,0.273,7.328,0.59,3,2,0.937,0.656,0.485,0.04,92.477,DEV-18572,0347672756,SUSPICIOUS,0
W00224,Sadiq Abubakar,IT Admin,HYBRID,300000,0.0,0.0,0.0,22,9,13,0.409,1.608,0.728,2,2,0.859,0.638,0.313,0.0,424.487,DEV-49092,4570203244,FLAGGED,1
W00419,Tunde Nwosu,HR Officer,HYBRID,250000,11822.36,5255.97,1671.67,22,16,6,0.727,30.0,0.076,1,0,0.283,0.032,0.766,0.075,23.51,DEV-83489,6076090228,VERIFIED,0
W00220,Temitope Adebayo,Customer Support,REMOTE,180000,10903.85,3691.64,9164.51,22,12,10,0.545,20.503,0.153,2,0,0.31,0.0,0.765,0.132,31.211,DEV-11885,1706555759,VERIFIED,0
W00130,Amina Ogunleye,Accountant,HYBRID,280000,12295.4,4004.97,3299.63,22,13,9,0.591,14.554,0.045,0,0,0.502,0.162,0.987,0.07,18.619,DEV-30019,0521089475,VERIFIED,0
W00421,Temitope Eze,HR Officer,HYBRID,250000,1742.02,485.79,272.19,22,4,18,0.182,4.39,0.405,2,2,0.884,0.25,0.068,0.01,336.851,DEV-64330,4251128884,FLAGGED,1
W00290,Tunde Adebayo,Customer Support,REMOTE,180000,17278.95,10264.68,6116.37,22,13,9,0.591,11.015,0.146,0,0,0.514,0.301,0.971,0.187,23.282,DEV-49903,3675580029,VERIFIED,0
W00445,Kemi Nwosu,Cleaner,ONSITE,90000,3150.72,1516.04,733.24,22,16,6,0.727,24.683,0.21,1,1,0.171,0.125,0.901,0.06,23.392,DEV-97163,1235206459,VERIFIED,0
W00377,Amina Okafor,Customer Support,REMOTE,180000,10779.24,4663.89,1116.87,22,18,4,0.818,10.279,0.112,1,1,0.05,0.0,0.818,0.092,23.739,DEV-83596,4465444757,VERIFIED,0
W00292,Ngozi Abubakar,HR Officer,HYBRID,250000,9392.33,5913.28,3194.39,22,13,9,0.591,14.022,0.094,1,1,0.216,0.326,0.948,0.074,36.606,DEV-28810,2223625780,VERIFIED,0
W00356,Ngozi Ogunleye,Cleaner,ONSITE,90000,6541.1,3259.47,3969.43,22,19,3,0.864,25.822,0.148,0,0,0.158,0.183,0.979,0.153,20.812,DEV-57535,6732672508,VERIFIED,0
W00295,Ibrahim Okafor,Engineer,HYBRID,320000,11677.64,3866.56,3975.8,22,16,6,0.727,13.958,0.24,0,0,0.298,0.107,0.846,0.061,37.859,DEV-57638,4532058537,VERIFIED,0
W00397,Efe Okonkwo,Operations Manager,ONSITE,450000,20446.55,12601.17,5202.28,22,12,10,0.545,30.0,0.019,0,0,0.244,0.093,0.976,0.085,9.823,DEV-97297,3692470034,VERIFIED,0
W00341,Ibrahim Etuk,HR Officer,HYBRID,250000,12166.92,4146.9,2186.18,22,12,10,0.545,9.042,0.41,1,0,0.79,0.253,0.717,0.074,20.0,DEV-46994,3938634201,SUSPICIOUS,0
W00113,Ibrahim Okonkwo,Security Officer,ONSITE,120000,12750.74,5704.05,2185.21,22,18,4,0.818,14.729,0.007,1,0,0.455,0.297,0.937,0.172,1.0,DEV-38040,8706373477,VERIFIED,0
W00180,Ifeoma Nwosu,IT Admin,HYBRID,300000,20899.05,7071.2,13729.75,22,18,4,0.818,12.177,0.046,1,0,0.224,0.212,1.0,0.139,1.0,DEV-71717,3032295540,VERIFIED,0
W00308,Temitope Etuk,Accountant,HYBRID,280000,7980.8,3991.19,1468.01,22,14,8,0.636,9.318,0.396,3,1,0.955,0.513,0.59,0.048,35.769,DEV-31436,1218528778,SUSPICIOUS,0
W00433,Efe Eze,Engineer,HYBRID,320000,9116.05,5260.25,5783.7,22,15,7,0.682,29.239,0.172,2,0,0.538,0.438,0.816,0.063,27.966,DEV-18572,6563518631,VERIFIED,0
W00488,Efe Eze,Accountant,HYBRID,280000,12378.03,3936.41,1605.56,22,14,8,0.636,13.11,0.071,1,0,0.317,0.146,0.766,0.064,3.011,DEV-31162,6276408753,VERIFIED,0
W00482,Temitope Okonkwo,Security Officer,ONSITE,120000,12126.67,4891.46,1341.87,22,17,5,0.773,11.243,0.218,0,0,0.498,0.041,0.734,0.153,12.121,DEV-89757,7532701257,VERIFIED,0
W00423,Ibrahim Balogun,IT Admin,HYBRID,300000,18494.76,6788.22,12517.02,22,19,3,0.864,8.0,0.263,2,0,0.213,0.45,1.0,0.126,27.902,DEV-99469,2381336353,VERIFIED,0
W00234,Temitope Okonkwo,Engineer,HYBRID,320000,9067.98,2527.51,4724.51,22,9,13,0.409,7.68,0.298,0,2,0.673,0.12,0.491,0.051,159.602,DEV-13560,7078299303,SUSPICIOUS,0
W00312,Ifeoma Etuk,Operations Manager,ONSITE,450000,40968.87,21947.14,5483.99,22,13,9,0.591,9.952,0.239,0,1,0.304,0.139,1.0,0.152,25.442,DEV-98737,2182472912,VERIFIED,0
W00165,Amina Balogun,Accountant,HYBRID,280000,0.0,0.0,0.0,22,4,18,0.182,2.013,0.767,5,1,0.884,1.511,0.0,0.0,186.027,DEV-45625,3329043023,FLAGGED,1
W00137,Kemi Usman,Cleaner,ONSITE,90000,7695.08,1681.32,2953.6,22,15,7,0.682,21.531,0.108,1,1,0.485,0.342,0.958,0.137,26.752,DEV-18846,7803135116,VERIFIED,0
W00198,Ngozi Eze,IT Admin,HYBRID,300000,3890.88,2250.55,758.57,22,3,19,0.136,0.0,0.683,4,0,0.908,1.124,0.457,0.023,45.0,DEV-11885,7749985509,FLAGGED,1
W00259,Ifeoma Okonkwo,Security Officer,ONSITE,120000,6206.59,1992.35,4041.06,22,12,10,0.545,21.901,0.028,2,0,0.432,0.106,0.71,0.102,13.243,DEV-99469,8075817400,VERIFIED,0
W00233,Efe Nwosu,Security Officer,ONSITE,120000,8255.44,3941.18,0.0,22,18,4,0.818,10.446,0.173,1,1,0.05,0.155,0.945,0.1,17.6,DEV-92108,4280054962,VERIFIED,0
W00116,Efe Balogun,IT Admin,HYBRID,300000,8295.44,5361.39,2843.17,22,20,2,0.909,25.987,0.0,0,0,0.641,0.25,0.833,0.055,1.0,DEV-63092,9222081041,VERIFIED,0
W00121,Amina Adebayo,Operations Manager,ONSITE,450000,27414.2,11227.06,18958.74,22,16,6,0.727,23.877,0.161,0,0,0.343,0.076,0.851,0.128,26.593,DEV-70120,7346004465,VERIFIED,0
W00350,Efe Okonkwo,Operations Manager,ONSITE,450000,7550.61,1860.33,3639.06,22,7,15,0.318,3.613,0.467,1,0,0.72,0.12,0.666,0.029,160.937,DEV-70839,1420760477,SUSPICIOUS,0
W00225,Ibrahim Eze,Operations Manager,ONSITE,450000,7679.68,2303.6,2616.72,22,15,7,0.682,30.0,0.015,0,0,0.284,0.063,0.718,0.028,10.065,DEV-54677,1190029293,VERIFIED,0
W00403,Chukwuemeka Nwosu,IT Admin,HYBRID,300000,10469.92,5285.63,744.45,22,16,6,0.727,8.0,0.0,2,1,0.497,0.173,0.618,0.055,40.199,DEV-18572,5017420700,VERIFIED,0
W00398,Ifeoma Adebayo,Operations Manager,ONSITE,450000,33718.62,11338.68,23792.7,22,15,7,0.682,30.0,0.055,1,0,0.294,0.016,0.694,0.153,27.432,DEV-34258,6642579958,VERIFIED,0
W00128,Sadiq Usman,IT Admin,HYBRID,300000,21968.87,5067.46,11363.67,22,16,6,0.727,10.753,0.256,1,1,0.668,0.226,0.798,0.128,19.694,DEV-10772,3160030683,VERIFIED,0
W00286,Ibrahim Nwosu,IT Admin,HYBRID,300000,5508.78,2133.07,1358.15,22,11,11,0.5,8.56,0.654,2,0,0.691,0.258,0.412,0.03,92.802,DEV-18572,4190471420,SUSPICIOUS,0
W00412,Ifeoma Abubakar,Customer Support,REMOTE,180000,7689.5,4165.86,3624.64,22,15,7,0.682,26.678,0.0,2,0,0.442,0.14,0.777,0.086,3.416,DEV-31436,8243888572,VERIFIED,0
W00108,Kemi Ogunleye,Security Officer,ONSITE,120000,12429.65,4547.49,6662.86,22,13,9,0.591,30.0,0.201,0,0,0.304,0.043,0.697,0.197,18.544,DEV-23853,0153129702,VERIFIED,0
W00371,Amina Ogunleye,Operations Manager,ONSITE,450000,44385.24,20164.82,3849.94,22,12,10,0.545,19.566,0.293,1,0,0.444,0.263,0.755,0.152,14.228,DEV-26299,4541401192,VERIFIED,0
W00326,Sadiq Usman,Engineer,HYBRID,320000,14354.25,7341.61,4864.14,22,19,3,0.864,22.621,0.173,0,0,0.244,0.059,0.884,0.083,35.1,DEV-84443,5851949050,VERIFIED,0
W00134,Ifeoma Etuk,Cleaner,ONSITE,90000,5387.58,2271.71,2420.71,22,14,8,0.636,17.976,0.052,0,1,0.363,0.198,0.9,0.112,16.001,DEV-35954,7968947004,VERIFIED,0
W00453,Chukwuemeka Etuk,Cleaner,ONSITE,90000,5508.33,2492.82,3968.85,22,22,0,1.0,28.959,0.194,1,1,0.185,0.207,0.774,0.133,31.663,DEV-93653,9154472860,VERIFIED,0
W00045,Chukwuemeka Balogun,IT Admin,HYBRID,300000,12993.5,2272.17,5434.33,22,12,10,0.545,23.125,0.211,0,0,0.403,0.166,1.0,0.069,1.302,DEV-47809,8026193263,VERIFIED,0
W00461,Efe Usman,HR Officer,HYBRID,250000,12260.45,4379.61,3859.94,22,16,6,0.727,8.0,0.053,0,0,0.27,0.081,0.747,0.082,21.614,DEV-26526,0278081736,VERIFIED,0
W00066,Temitope Eze,IT Admin,HYBRID,300000,10289.21,5449.78,761.01,22,19,3,0.864,19.861,0.28,2,0,0.448,0.0,0.816,0.055,44.258,DEV-63629,7675047424,VERIFIED,0
W00284,Chukwuemeka Etuk,Security Officer,ONSITE,120000,2040.38,1073.85,845.77,22,10,12,0.455,5.358,0.606,1,0,0.787,0.257,0.717,0.033,152.918,DEV-69505,5867393226,SUSPICIOUS,0
W00086,Kemi Abubakar,Security Officer,ONSITE,120000,3477.67,1336.28,2506.05,22,16,6,0.727,29.991,0.144,0,1,0.447,0.191,0.871,0.061,7.462,DEV-13250,9623795284,VERIFIED,0
W00243,Sadiq Nwosu,Security Officer,ONSITE,120000,7154.04,3405.76,480.2,22,18,4,0.818,25.021,0.088,0,0,0.605,0.008,0.957,0.092,27.479,DEV-19179,4586056156,VERIFIED,0
W00187,Ngozi Balogun,Engineer,HYBRID,320000,7947.68,3988.16,1824.16,22,9,13,0.409,6.703,0.466,2,0,0.638,0.736,0.567,0.043,129.508,DEV-11885,3685744146,SUSPICIOUS,0
W00384,Kemi Usman,IT Admin,HYBRID,300000,22552.35,11288.17,3359.48,22,16,6,0.727,12.292,0.075,0,0,0.734,0.0,0.63,0.124,49.903,DEV-82213,1847773523,VERIFIED,0
W00160,Kemi Okafor,Operations Manager,ONSITE,450000,11802.12,4470.41,8927.47,22,19,3,0.864,16.793,0.133,0,0,0.233,0.107,0.85,0.056,21.904,DEV-54093,2528029101,VERIFIED,0
W00013,Chukwuemeka Eze,Accountant,HYBRID,280000,19273.09,7339.32,13707.59,22,14,8,0.636,12.593,0.0,0,0,0.348,0.06,0.875,0.144,36.181,DEV-22923,2951770019,VERIFIED,0
W00036,Sadiq Etuk,Accountant,HYBRID,280000,15958.52,6041.59,8519.89,22,16,6,0.727,10.764,0.0,1,0,0.062,0.109,0.892,0.109,1.0,DEV-52330,9170422037,VERIFIED,0
W00029,Efe Nwosu,Accountant,HYBRID,280000,7126.39,2686.36,2227.25,22,15,7,0.682,8.0,0.098,0,0,0.409,0.117,0.9,0.043,17.729,DEV-61910,3263562284,VERIFIED,0
W00171,Tunde Adebayo,Engineer,HYBRID,320000,3911.4,1316.72,1171.88,22,16,6,0.727,12.654,0.263,0,0,0.673,0.0,0.759,0.02,70.0,DEV-31492,1931326779,VERIFIED,0
W00143,Tunde Etuk,HR Officer,HYBRID,250000,13696.63,3750.93,5552.44,22,15,7,0.682,18.742,0.139,1,0,0.079,0.0,0.757,0.092,17.711,DEV-33125,4877707198,VERIFIED,0
W00399,Temitope Usman,Customer Support,REMOTE,180000,6652.02,1318.72,3189.26,22,15,7,0.682,17.847,0.14,1,1,0.135,0.244,0.774,0.062,29.389,DEV-82179,9624197368,VERIFIED,0
W00343,Ibrahim Eze,Accountant,HYBRID,280000,12763.37,6792.38,4244.25,22,10,12,0.455,8.875,0.211,2,1,0.726,0.596,0.548,0.085,59.085,DEV-18572,9982916580,SUSPICIOUS,0
W00222,Efe Adebayo,Customer Support,REMOTE,180000,5511.9,2437.89,690.21,22,13,9,0.591,21.884,0.0,0,0,0.499,0.211,0.55,0.048,15.105,DEV-41561,2316486294,VERIFIED,0
W00096,Amina Etuk,Engineer,HYBRID,320000,3669.36,924.74,3085.9,22,4,18,0.182,0.762,0.3,4,3,0.853,0.757,0.262,0.024,254.376,DEV-18572,4375023984,FLAGGED,1
W00052,Chukwuemeka Etuk,Customer Support,REMOTE,180000,14784.79,3409.41,3945.8,22,18,4,0.818,30.0,0.0,1,0,0.7,0.135,0.822,0.123,26.539,DEV-51665,1901096656,VERIFIED,0
W00241,Ibrahim Ogunleye,Cleaner,ONSITE,90000,4073.22,947.77,1909.01,22,18,4,0.818,10.097,0.016,1,0,0.414,0.0,0.914,0.077,30.206,DEV-58004,0784789001,VERIFIED,0
W00485,Tunde Adebayo,Operations Manager,ONSITE,450000,13322.4,7754.55,1423.05,22,5,17,0.227,2.809,0.702,2,3,0.942,1.252,0.113,0.05,195.497,DEV-11885,3329043023,FLAGGED,1
W00379,Amina Okafor,IT Admin,HYBRID,300000,15176.35,5448.3,4875.35,22,15,7,0.682,10.709,0.0,0,0,0.419,0.056,0.961,0.085,1.449,DEV-54731,7901295071,VERIFIED,0
W00179,Tunde Eze,Security Officer,ONSITE,120000,8899.05,1992.64,8788.31,22,13,9,0.591,15.381,0.029,0,0,0.678,0.0,0.969,0.164,13.511,DEV-18343,7630619147,VERIFIED,0
W00042,Kemi Eze,Cleaner,ONSITE,90000,3189.22,1338.55,1412.23,22,16,6,0.727,24.366,0.289,0,0,0.415,0.338,0.7,0.066,17.984,DEV-93124,1451279134,VERIFIED,0
W00499,Kemi Etuk,Security Officer,ONSITE,120000,3678.09,1070.29,3171.62,22,16,6,0.727,15.901,0.0,1,0,0.181,0.124,0.599,0.066,36.905,DEV-34472,3145756361,VERIFIED,0
W00422,Sadiq Abubakar,HR Officer,HYBRID,250000,9145.77,6100.77,2253.46,22,10,12,0.455,25.97,0.0,1,0,0.18,0.156,0.871,0.07,23.222,DEV-58519,1823261521,VERIFIED,0
W00207,Efe Eze,Accountant,HYBRID,280000,11668.21,6176.12,5675.67,22,15,7,0.682,20.219,0.067,1,0,0.352,0.0,1.0,0.084,21.013,DEV-99170,7309673706,VERIFIED,0
W00283,Ibrahim Abubakar,Customer Support,REMOTE,180000,12988.58,6780.5,750.92,22,14,8,0.636,20.527,0.227,1,0,0.466,0.226,1.0,0.114,7.613,DEV-48167,2617270561,VERIFIED,0
W00255,Sadiq Adebayo,Accountant,HYBRID,280000,14086.82,8736.56,3496.62,22,18,4,0.818,27.352,0.272,1,0,0.341,0.0,0.76,0.094,18.375,DEV-39224,8302734010,VERIFIED,0
W00413,Chukwuemeka Okafor,Customer Support,REMOTE,180000,2557.41,514.98,1067.61,22,3,19,0.136,2.386,0.503,4,1,0.746,1.001,0.474,0.023,157.166,DEV-99469,8744440030,FLAGGED,1
W00005,Ngozi Abubakar,IT Admin,HYBRID,300000,13343.84,3137.61,9618.55,22,16,6,0.727,29.781,0.0,2,0,0.445,0.127,0.721,0.087,25.872,DEV-31436,3513898300,VERIFIED,0
W00257,Temitope Usman,Customer Support,REMOTE,180000,7953.42,3154.55,1672.03,22,13,9,0.591,11.031,0.644,2,1,0.821,0.454,0.551,0.071,21.816,DEV-18572,3540659099,SUSPICIOUS,0
W00449,Ibrahim Okafor,Accountant,HYBRID,280000,7991.99,3845.67,0.0,22,12,10,0.545,9.496,0.402,1,1,0.777,0.467,0.683,0.041,45.814,DEV-51493,4552267332,SUSPICIOUS,0
W00101,Ibrahim Abubakar,Cleaner,ONSITE,90000,4003.98,919.59,1016.43,22,8,14,0.364,8.808,0.345,1,0,0.755,0.594,0.253,0.066,106.806,DEV-23531,7026722068,SUSPICIOUS,0
W00227,Temitope Balogun,Operations Manager,ONSITE,450000,34912.54,14969.63,14467.83,22,18,4,0.818,19.907,0.141,0,0,0.361,0.041,0.828,0.143,41.761,DEV-20928,3476456005,VERIFIED,0
W00430,Amina Adebayo,Engineer,HYBRID,320000,5674.26,3725.71,3080.03,22,8,14,0.364,5.81,0.484,3,1,0.97,0.741,0.652,0.039,103.518,DEV-18572,7989853324,SUSPICIOUS,0
W00214,Kemi Adebayo,Cleaner,ONSITE,90000,5933.0,2669.7,757.3,22,15,7,0.682,18.492,0.245,2,0,0.508,0.281,0.748,0.104,1.0,DEV-18572,3396267183,VERIFIED,0
W00172,Kemi Etuk,IT Admin,HYBRID,300000,0.0,0.0,0.0,22,9,13,0.409,6.0,0.478,3,2,0.763,0.639,0.426,0.0,125.428,DEV-64330,3329043023,FLAGGED,1
W00099,Sadiq Eze,Accountant,HYBRID,280000,16719.72,5127.86,10072.42,22,15,7,0.682,20.382,0.115,0,1,0.376,0.079,0.729,0.114,32.72,DEV-78260,1375431434,VERIFIED,0
W00293,Efe Okafor,IT Admin,HYBRID,300000,21758.2,9218.44,5323.36,22,13,9,0.591,21.828,0.077,0,0,0.199,0.018,0.862,0.121,45.945,DEV-18888,5648913444,VERIFIED,0
W00216,Kemi Eze,Accountant,HYBRID,280000,0.0,0.0,0.0,22,5,17,0.227,4.658,0.452,2,0,0.724,0.77,0.375,0.0,52.354,DEV-99469,8249553682,SUSPICIOUS,0
W00062,Chukwuemeka Adebayo,Security Officer,ONSITE,120000,5158.92,3275.43,1045.65,22,14,8,0.636,20.179,0.224,2,1,0.491,0.121,0.831,0.079,22.829,DEV-64330,8795409797,VERIFIED,0
W00048,Efe Nwosu,Cleaner,ONSITE,90000,5915.36,1564.26,1790.38,22,13,9,0.591,8.439,0.0,1,0,0.427,0.011,0.898,0.103,12.854,DEV-48965,9182592759,VERIFIED,0
W00033,Amina Abubakar,Customer Support,REMOTE,180000,18192.15,8821.67,0.0,22,12,10,0.545,21.783,0.07,0,0,0.401,0.007,0.964,0.145,9.816,DEV-16081,8210176166,VERIFIED,0
W00268,Ibrahim Ogunleye,Engineer,HYBRID,320000,17309.84,5037.33,9652.83,22,15,7,0.682,23.39,0.124,0,1,0.307,0.141,0.83,0.1,15.103,DEV-16828,8746784894,VERIFIED,0
W00328,Ngozi Okonkwo,Customer Support,REMOTE,180000,658.34,249.77,171.89,22,8,14,0.364,4.18,0.951,3,1,0.726,0.335,0.652,0.006,145.629,DEV-99469,3329043023,FLAGGED,1
W00201,Ibrahim Nwosu,Cleaner,ONSITE,90000,2833.0,1387.52,9.48,22,11,11,0.5,8.836,0.658,3,2,0.737,0.26,0.25,0.047,20.0,DEV-11885,3083779011,SUSPICIOUS,0
W00447,Kemi Okafor,Accountant,HYBRID,280000,20841.72,5557.04,6641.24,22,18,4,0.818,15.726,0.324,0,1,0.581,0.167,0.751,0.118,24.451,DEV-68523,8756728369,VERIFIED,0
W00028,Ibrahim Eze,HR Officer,HYBRID,250000,3213.09,1164.36,622.55,22,19,3,0.864,10.836,0.068,0,0,0.478,0.16,0.865,0.02,3.691,DEV-48312,2458983597,VERIFIED,0
W00425,Chukwuemeka Nwosu,Accountant,HYBRID,280000,14739.56,3509.52,5830.92,22,18,4,0.818,24.203,0.185,2,0,0.458,0.0,1.0,0.086,22.391,DEV-18572,3029385590,VERIFIED,0
W00231,Amina Okafor,Customer Support,REMOTE,180000,8733.19,2214.35,7052.46,22,18,4,0.818,22.886,0.019,0,0,0.29,0.235,0.796,0.1,26.099,DEV-69991,8671898292,VERIFIED,0
W00261,Ifeoma Adebayo,Engineer,HYBRID,320000,28469.76,16368.53,9561.71,22,14,8,0.636,20.022,0.059,0,0,0.05,0.137,0.864,0.17,32.342,DEV-92372,1644154024,VERIFIED,0
W00289,Efe Usman,Customer Support,REMOTE,180000,5929.11,2893.57,2517.32,22,15,7,0.682,11.301,0.174,1,0,0.394,0.163,0.95,0.063,2.51,DEV-67625,3376609776,VERIFIED,0
W00163,Ibrahim Nwosu,Accountant,HYBRID,280000,25703.98,8414.97,4801.05,22,16,6,0.727,22.619,0.212,1,0,0.05,0.24,0.652,0.139,28.628,DEV-49514,5220852437,VERIFIED,0
W00426,Tunde Abubakar,Engineer,HYBRID,320000,4203.24,735.09,1461.67,22,18,4,0.818,30.0,0.097,1,0,0.199,0.111,0.874,0.02,13.104,DEV-50832,0217677048,VERIFIED,0
W00139,Amina Nwosu,Customer Support,REMOTE,180000,14787.57,3632.56,5699.87,22,12,10,0.545,22.466,0.0,1,0,0.363,0.133,1.0,0.134,23.091,DEV-42092,0361164766,VERIFIED,0
W00063,Ifeoma Okafor,Operations Manager,ONSITE,450000,5020.88,2075.66,3703.46,22,15,7,0.682,26.141,0.329,1,0,0.082,0.12,0.676,0.024,23.138,DEV-70896,5380674568,VERIFIED,0
W00136,Amina Okonkwo,Engineer,HYBRID,320000,18961.04,9212.35,626.61,22,17,5,0.773,19.979,0.11,0,1,0.609,0.377,0.628,0.09,19.556,DEV-71733,9239268285,VERIFIED,0
W00129,Ibrahim Ogunleye,HR Officer,HYBRID,250000,16453.48,8436.34,7360.18,22,13,9,0.591,18.637,0.0,0,0,0.195,0.0,0.853,0.129,38.3,DEV-38262,5999182392,VERIFIED,0
W00477,Ibrahim Etuk,Accountant,HYBRID,280000,26968.7,5720.2,11551.1,22,14,8,0.636,13.783,0.0,0,0,0.499,0.0,0.979,0.158,44.116,DEV-35643,2944065112,VERIFIED,0
W00009,Ifeoma Okonkwo,IT Admin,HYBRID,300000,29208.19,7579.06,5512.75,22,15,7,0.682,13.162,0.065,2,1,0.452,0.29,0.862,0.141,10.493,DEV-99469,0975164570,VERIFIED,0
W00327,Chukwuemeka Eze,Operations Manager,ONSITE,450000,15379.14,11198.63,6722.23,22,12,10,0.545,5.293,0.328,2,1,0.587,0.632,0.39,0.074,31.583,DEV-18572,8347402060,SUSPICIOUS,0
W00464,Kemi Nwosu,Accountant,HYBRID,280000,1950.33,1144.31,1105.36,22,4,18,0.182,3.585,0.814,3,4,0.884,0.951,0.125,0.015,221.052,DEV-99469,9211845175,FLAGGED,1
W00065,Efe Eze,IT Admin,HYBRID,300000,15287.77,3776.95,10635.28,22,16,6,0.727,10.322,0.111,1,0,0.361,0.126,0.929,0.099,1.0,DEV-39904,1359663175,VERIFIED,0
W00301,Chukwuemeka Okafor,Customer Support,REMOTE,180000,17748.42,5521.88,4089.7,22,12,10,0.545,25.902,0.093,0,0,0.195,0.0,1.0,0.152,33.955,DEV-85596,8882796248,VERIFIED,0
W00015,Kemi Balogun,Accountant,HYBRID,280000,3848.44,892.29,1979.27,22,9,13,0.409,3.373,0.535,2,4,0.829,1.229,0.178,0.024,392.281,DEV-11885,9113710206,FLAGGED,1
W00157,Sadiq Adebayo,Customer Support,REMOTE,180000,2519.98,1294.62,145.4,22,0,22,0.0,1.221,0.468,1,0,1.0,1.306,0.591,0.022,236.034,DEV-80711,7083861555,FLAGGED,1
W00041,Ifeoma Okonkwo,Operations Manager,ONSITE,450000,43519.13,22199.02,2681.85,22,16,6,0.727,20.613,0.19,0,0,0.423,0.111,1.0,0.152,1.0,DEV-26812,4542039087,VERIFIED,0
W00380,Sadiq Balogun,Security Officer,ONSITE,120000,2809.32,1141.84,1328.84,22,10,12,0.455,7.609,0.532,2,0,0.773,0.258,0.706,0.044,140.015,DEV-64330,6659102707,SUSPICIOUS,0
W00469,Ifeoma Okafor,HR Officer,HYBRID,250000,4020.33,1961.13,268.54,22,0,22,0.0,3.349,0.627,2,2,0.873,0.25,0.651,0.025,470.679,DEV-77503,3329043023,FLAGGED,1
W00404,Ifeoma Eze,Customer Support,REMOTE,180000,10794.45,3308.96,3896.59,22,16,6,0.727,12.43,0.263,0,1,0.519,0.074,0.928,0.1,29.498,DEV-68090,9100922833,VERIFIED,0
W00217,Ngozi Okafor,Operations Manager,ONSITE,450000,4984.17,3144.93,1320.9,22,13,9,0.591,25.685,0.141,0,1,0.123,0.316,0.758,0.021,9.862,DEV-45311,6849290917,VERIFIED,0
W00280,Ngozi Okonkwo,Security Officer,ONSITE,120000,12598.36,3133.46,3828.18,22,16,6,0.727,16.266,0.006,0,0,0.173,0.306,0.84,0.163,13.859,DEV-39095,0541564792,VERIFIED,0
W00435,Ibrahim Eze,HR Officer,HYBRID,250000,26785.11,8832.41,10632.48,22,19,3,0.864,23.883,0.194,1,0,0.355,0.0,0.688,0.185,6.904,DEV-92936,9090322589,VERIFIED,0
W00431,Ibrahim Usman,Security Officer,ONSITE,120000,7746.98,3381.19,3391.83,22,18,4,0.818,13.839,0.075,0,1,0.438,0.092,0.656,0.121,6.961,DEV-80272,5806225344,VERIFIED,0
W00338,Kemi Abubakar,Customer Support,REMOTE,180000,10511.02,3258.38,5670.6,22,12,10,0.545,22.866,0.088,1,0,0.532,0.037,0.808,0.108,1.0,DEV-80163,7031371222,VERIFIED,0
W00237,Chukwuemeka Adebayo,Engineer,HYBRID,320000,4596.0,1835.82,2208.18,22,10,12,0.455,12.113,0.071,0,1,0.509,0.116,0.948,0.027,6.122,DEV-66065,8844630179,VERIFIED,0
W00208,Ngozi Adebayo,Security Officer,ONSITE,120000,12912.89,4667.75,3659.36,22,17,5,0.773,8.0,0.057,1,0,0.32,0.029,0.856,0.177,21.418,DEV-15842,4131432641,VERIFIED,0
W00213,Efe Okafor,Operations Manager,ONSITE,450000,19199.14,13518.89,7781.97,22,14,8,0.636,19.477,0.279,0,1,0.45,0.185,0.624,0.09,1.208,DEV-82767,8673554561,VERIFIED,0
W00296,Chukwuemeka Okafor,Engineer,HYBRID,320000,14665.0,8287.76,7447.24,22,16,6,0.727,19.165,0.113,0,1,0.492,0.118,0.856,0.095,14.993,DEV-42919,0770984156,VERIFIED,0
W00458,Ngozi Etuk,HR Officer,HYBRID,250000,15440.86,7266.34,6292.8,22,18,4,0.818,14.032,0.176,0,1,0.496,0.0,0.749,0.116,7.028,DEV-44232,4619201317,VERIFIED,0
W00252,Sadiq Usman,IT Admin,HYBRID,300000,7699.24,3499.13,2901.63,22,19,3,0.864,19.295,0.19,0,0,0.301,0.262,0.875,0.047,3.633,DEV-32376,2244296936,VERIFIED,0
W00489,Ngozi Etuk,Cleaner,ONSITE,90000,3665.13,1268.32,2626.55,22,17,5,0.773,26.246,0.005,1,1,0.482,0.0,0.885,0.084,4.338,DEV-38977,5525789165,VERIFIED,0
W00487,Ibrahim Eze,Cleaner,ONSITE,90000,4804.3,1224.89,2880.81,22,16,6,0.727,14.923,0.236,1,0,0.509,0.043,0.849,0.099,16.318,DEV-55257,5089035953,VERIFIED,0
W00304,Temitope Abubakar,Security Officer,ONSITE,120000,3276.78,1138.19,985.03,22,4,18,0.182,6.0,0.398,1,0,0.74,0.895,0.355,0.045,269.074,DEV-45366,7749985509,FLAGGED,1
W00351,Ibrahim Okonkwo,Cleaner,ONSITE,90000,3647.94,1203.34,638.72,22,7,15,0.318,2.0,0.405,1,0,0.927,0.445,0.845,0.061,94.697,DEV-21390,0934653211,SUSPICIOUS,0
W00270,Efe Okafor,Security Officer,ONSITE,120000,6866.42,4023.48,750.1,22,11,11,0.5,21.535,0.166,1,0,0.662,0.178,0.708,0.097,15.166,DEV-80758,5264984906,VERIFIED,0
W00202,Ifeoma Okonkwo,Security Officer,ONSITE,120000,1669.93,952.01,378.06,22,8,14,0.364,1.251,0.84,1,2,0.936,1.116,0.453,0.025,301.558,DEV-86509,5983386067,FLAGGED,1
W00162,Ifeoma Abubakar,IT Admin,HYBRID,300000,16545.92,9872.97,8981.11,22,14,8,0.636,12.864,0.137,2,0,0.423,0.056,0.997,0.118,24.312,DEV-11885,6913895414,VERIFIED,0
W00044,Amina Okonkwo,IT Admin,HYBRID,300000,0.0,0.0,0.0,22,10,12,0.455,0.0,0.935,2,4,0.805,0.882,0.09,0.0,164.636,DEV-18572,3300306128,FLAGGED,1
W00218,Tunde Balogun,Operations Manager,ONSITE,450000,33976.16,11556.24,7567.6,22,10,12,0.455,28.761,0.236,0,0,0.675,0.097,0.949,0.118,8.99,DEV-23289,1320127741,VERIFIED,0
W00402,Sadiq Usman,Operations Manager,ONSITE,450000,25497.7,13996.51,5505.79,22,15,7,0.682,11.872,0.132,2,0,0.293,0.0,0.75,0.1,33.476,DEV-99469,6704752849,VERIFIED,0
W00191,Temitope Usman,Cleaner,ONSITE,90000,4334.87,2198.45,1836.68,22,13,9,0.591,21.067,0.201,0,0,0.776,0.094,0.932,0.093,4.666,DEV-42396,2539124194,VERIFIED,0
W00310,Amina Adebayo,Accountant,HYBRID,280000,6983.59,2806.43,1409.98,22,15,7,0.682,9.638,0.717,2,0,0.7,0.225,0.25,0.04,78.109,DEV-38848,7198339843,SUSPICIOUS,0
W00260,Ifeoma Etuk,Cleaner,ONSITE,90000,3435.59,2046.84,2077.57,22,13,9,0.591,9.295,0.274,0,0,0.281,0.214,0.82,0.084,8.202,DEV-95646,3899367180,VERIFIED,0
W00106,Chukwuemeka Abubakar,IT Admin,HYBRID,300000,18695.39,5437.17,13967.44,22,15,7,0.682,13.562,0.017,1,0,0.721,0.253,0.968,0.127,16.671,DEV-90424,1680054047,VERIFIED,0
W00054,Sadiq Usman,Security Officer,ONSITE,120000,0.0,0.0,0.0,22,9,13,0.409,2.0,0.501,3,1,0.704,0.199,0.458,0.0,107.186,DEV-49092,7949565031,SUSPICIOUS,0
W00390,Amina Nwosu,Customer Support,REMOTE,180000,11660.15,6956.27,6223.58,22,13,9,0.591,16.237,0.0,1,0,0.267,0.256,1.0,0.138,21.406,DEV-60422,1397323581,VERIFIED,0
W00002,Sadiq Nwosu,Accountant,HYBRID,280000,14657.59,5558.2,5544.21,22,11,11,0.5,13.421,0.083,0,1,0.441,0.295,0.881,0.092,22.298,DEV-29717,2467224641,VERIFIED,0
W00442,Efe Okafor,Customer Support,REMOTE,180000,14257.8,7186.37,0.0,22,13,9,0.591,23.771,0.324,0,1,0.4,0.0,0.987,0.116,15.894,DEV-18217,2735901427,VERIFIED,0
W00483,Sadiq Adebayo,Customer Support,REMOTE,180000,12944.01,4100.71,1495.28,22,20,2,0.909,16.762,0.117,1,0,0.606,0.197,0.865,0.103,11.463,DEV-83223,5610792231,VERIFIED,0
W00050,Tunde Nwosu,Engineer,HYBRID,320000,13220.34,5154.82,7544.84,22,17,5,0.773,13.27,0.0,1,0,0.215,0.195,0.955,0.081,14.392,DEV-35448,5155579295,VERIFIED,0
W00420,Chukwuemeka Okafor,Accountant,HYBRID,280000,16705.71,3310.68,7423.61,22,14,8,0.636,16.947,0.151,1,0,0.22,0.219,0.883,0.098,1.0,DEV-51777,3909834759,VERIFIED,0
W00081,Efe Balogun,Customer Support,REMOTE,180000,6982.43,1665.71,2871.86,22,15,7,0.682,13.408,0.099,2,0,0.337,0.078,0.814,0.064,21.433,DEV-49092,1166671337,VERIFIED,0
W00206,Tunde Okonkwo,Engineer,HYBRID,320000,20805.0,10213.03,981.97,22,17,5,0.773,27.304,0.198,1,0,0.692,0.0,0.95,0.1,15.185,DEV-69522,4818243622,VERIFIED,0
W00035,Ibrahim Abubakar,Security Officer,ONSITE,120000,2736.94,1691.86,491.2,22,12,10,0.545,9.705,0.279,2,1,0.736,0.521,0.799,0.041,20.0,DEV-99469,1344412303,SUSPICIOUS,0
W00264,Amina Okafor,Security Officer,ONSITE,120000,5161.24,2044.17,2394.59,22,13,9,0.591,24.176,0.058,0,0,0.414,0.089,0.851,0.08,15.022,DEV-22304,3728082352,VERIFIED,0
W00428,Ifeoma Eze,Engineer,HYBRID,320000,12952.06,6900.25,947.69,22,16,6,0.727,26.244,0.208,1,1,0.53,0.062,0.783,0.065,48.527,DEV-86170,7364784687,VERIFIED,0
W00367,Amina Okonkwo,HR Officer,HYBRID,250000,19958.5,4223.22,7818.28,22,18,4,0.818,19.344,0.051,1,0,0.615,0.167,0.908,0.128,13.968,DEV-20224,4264595781,VERIFIED,0
W00092,Ifeoma Eze,Customer Support,REMOTE,180000,8284.96,3846.79,1008.25,22,15,7,0.682,23.09,0.142,2,0,0.4,0.075,0.961,0.073,16.436,DEV-49092,0896330314,VERIFIED,0
W00340,Ngozi Nwosu,Cleaner,ONSITE,90000,8840.05,3571.0,4508.95,22,14,8,0.636,19.81,0.163,1,0,0.41,0.013,0.712,0.188,16.158,DEV-55544,7311684715,VERIFIED,0
W00474,Sadiq Ogunleye,Customer Support,REMOTE,180000,1769.2,937.26,0.0,22,6,16,0.273,6.0,0.666,1,1,0.882,1.037,0.33,0.015,179.778,DEV-49070,7608653620,FLAGGED,1
W00053,Tunde Abubakar,Accountant,HYBRID,280000,19729.66,7794.56,11675.78,22,16,6,0.727,15.555,0.058,0,0,0.42,0.0,0.994,0.14,38.244,DEV-28532,8585936589,VERIFIED,0
W00346,Tunde Okonkwo,Customer Support,REMOTE,180000,7511.45,2276.92,1191.63,22,11,11,0.5,22.866,0.126,0,0,0.278,0.205,1.0,0.061,14.727,DEV-97341,6280545294,VERIFIED,0
W00265,Ibrahim Nwosu,Cleaner,ONSITE,90000,1609.21,1113.77,607.02,22,12,10,0.545,2.732,0.563,2,0,0.909,0.948,0.331,0.037,242.07,DEV-11885,5147570942,FLAGGED,1
W00242,Ibrahim Ogunleye,Customer Support,REMOTE,180000,10085.86,5041.47,2692.67,22,14,8,0.636,28.535,0.206,0,0,0.475,0.26,0.703,0.099,32.729,DEV-22911,3020855777,VERIFIED,0
W00014,Ibrahim Usman,IT Admin,HYBRID,300000,19139.51,6882.37,12678.12,22,13,9,0.591,21.175,0.147,0,0,0.414,0.199,0.75,0.129,1.913,DEV-38338,4619399154,VERIFIED,0
W00316,Sadiq Balogun,IT Admin,HYBRID,300000,14385.62,8795.03,5919.35,22,16,6,0.727,14.128,0.307,1,1,0.8,0.058,0.686,0.097,1.0,DEV-71512,2637695988,VERIFIED,0
W00089,Ngozi Okafor,Security Officer,ONSITE,120000,4321.55,1856.53,661.92,22,16,6,0.727,9.632,0.285,3,1,0.874,0.527,0.393,0.057,34.415,DEV-46838,0588091773,SUSPICIOUS,0
W00388,Tunde Abubakar,Customer Support,REMOTE,180000,14644.12,7045.86,2610.02,22,14,8,0.636,23.129,0.13,2,0,0.448,0.041,0.827,0.135,28.037,DEV-64330,2631571014,VERIFIED,0
W00274,Kemi Okafor,IT Admin,HYBRID,300000,0.0,0.0,0.0,22,10,12,0.455,9.933,0.1,2,0,0.97,0.425,0.445,0.0,27.113,DEV-64330,8264356440,SUSPICIOUS,0
W00167,Temitope Etuk,Engineer,HYBRID,320000,10892.31,4382.35,1685.34,22,19,3,0.864,14.309,0.205,2,0,0.275,0.14,0.854,0.053,21.27,DEV-45625,2004072563,VERIFIED,0
W00329,Chukwuemeka Usman,Accountant,HYBRID,280000,14917.93,5058.11,11103.96,22,15,7,0.682,17.624,0.32,2,0,0.303,0.128,0.963,0.111,38.684,DEV-45625,7397648123,VERIFIED,0
W00493,Tunde Nwosu,Cleaner,ONSITE,90000,5097.3,1152.84,2299.86,22,12,10,0.545,17.055,0.0,1,0,0.567,0.0,0.917,0.095,8.044,DEV-75717,4535580382,VERIFIED,0
W00135,Temitope Okonkwo,Engineer,HYBRID,320000,0.0,0.0,0.0,22,12,10,0.545,8.202,0.707,2,0,0.465,0.637,0.661,0.0,26.227,DEV-31436,5545179081,SUSPICIOUS,0
W00307,Ibrahim Balogun,Operations Manager,ONSITE,450000,6254.85,2908.04,737.11,22,6,16,0.273,6.333,0.553,2,0,0.599,0.65,0.647,0.022,45.489,DEV-49092,1277530671,SUSPICIOUS,0
W00481,Ifeoma Okafor,Customer Support,REMOTE,180000,7646.9,1233.24,2819.86,22,18,4,0.818,8.0,0.012,0,0,0.786,0.106,0.678,0.065,51.942,DEV-50284,0954977842,VERIFIED,0
W00320,Sadiq Balogun,Security Officer,ONSITE,120000,2828.82,936.97,1874.21,22,4,18,0.182,6.382,0.75,2,1,0.588,0.174,0.85,0.047,99.462,DEV-31436,5393578633,SUSPICIOUS,0
W00244,Ngozi Nwosu,Security Officer,ONSITE,120000,5516.89,1228.47,3814.64,22,15,7,0.682,18.356,0.145,0,0,0.38,0.092,0.697,0.088,41.681,DEV-64604,0336143968,VERIFIED,0
W00055,Chukwuemeka Abubakar,Cleaner,ONSITE,90000,3719.58,1455.37,675.05,22,4,18,0.182,12.0,0.672,2,1,0.636,0.826,0.47,0.065,115.853,DEV-45625,3048435467,SUSPICIOUS,0
W00364,Efe Eze,Engineer,HYBRID,320000,18704.55,5749.84,14905.61,22,16,6,0.727,18.376,0.242,0,0,0.559,0.0,0.803,0.123,6.371,DEV-41084,1801869233,VERIFIED,0
W00051,Kemi Eze,Cleaner,ONSITE,90000,5314.69,989.84,2425.47,22,17,5,0.773,10.452,0.298,0,1,0.544,0.322,0.877,0.097,18.083,DEV-57863,1041204331,VERIFIED,0
W00457,Sadiq Ogunleye,Engineer,HYBRID,320000,7409.45,3315.77,2074.78,22,15,7,0.682,8.32,0.09,1,1,0.597,0.0,0.736,0.04,21.459,DEV-52450,6076885411,VERIFIED,0
W00175,Kemi Etuk,IT Admin,HYBRID,300000,23563.67,6274.1,15462.23,22,18,4,0.818,16.082,0.154,1,0,0.583,0.15,0.907,0.151,1.0,DEV-22226,7958871839,VERIFIED,0
W00446,Efe Eze,Engineer,HYBRID,320000,25456.96,13985.29,2477.75,22,15,7,0.682,18.405,0.35,0,1,0.508,0.0,0.679,0.131,29.437,DEV-24950,8560455136,VERIFIED,0
W00190,Tunde Adebayo,Accountant,HYBRID,280000,6623.03,2009.09,887.88,22,9,13,0.409,3.141,0.678,3,4,0.897,0.288,0.0,0.034,233.779,DEV-63629,9106584020,FLAGGED,1
W00497,Temitope Balogun,Cleaner,ONSITE,90000,832.42,240.86,366.72,22,7,15,0.318,2.435,0.563,5,1,0.957,0.25,0.567,0.016,118.519,DEV-49092,3329043023,FLAGGED,1
W00188,Chukwuemeka Okafor,Security Officer,ONSITE,120000,1703.85,940.31,955.84,22,18,4,0.818,23.361,0.191,0,0,0.722,0.164,0.921,0.03,18.554,DEV-73676,0063656013,VERIFIED,0
W00170,Temitope Okafor,Accountant,HYBRID,280000,6522.24,2123.84,2553.92,22,10,12,0.455,5.104,0.499,2,0,0.624,0.684,0.573,0.04,94.015,DEV-38848,5157534745,SUSPICIOUS,0
W00059,Sadiq Okonkwo,Accountant,HYBRID,280000,11147.71,5023.58,908.71,22,17,5,0.773,21.607,0.0,1,0,0.428,0.097,0.781,0.061,1.0,DEV-95791,9052937202,VERIFIED,0
W00049,Ifeoma Ogunleye,Cleaner,ONSITE,90000,7377.25,3101.83,5000.92,22,10,12,0.455,30.0,0.081,2,0,0.392,0.041,0.784,0.172,24.647,DEV-31436,4354052979,VERIFIED,0
W00345,Ibrahim Abubakar,Customer Support,REMOTE,180000,17199.66,4325.85,5474.49,22,17,5,0.773,21.39,0.175,2,0,0.35,0.295,0.789,0.15,13.495,DEV-18572,7528214790,VERIFIED,0
W00236,Kemi Adebayo,Operations Manager,ONSITE,450000,9928.34,2671.0,7200.66,22,20,2,0.909,13.923,0.166,0,1,0.392,0.229,0.771,0.044,29.107,DEV-42238,1566269499,VERIFIED,0
W00253,Ibrahim Abubakar,Accountant,HYBRID,280000,14206.24,2793.2,5680.56,22,19,3,0.864,8.413,0.049,0,0,0.351,0.196,1.0,0.081,1.0,DEV-55514,3308575146,VERIFIED,0
W00022,Ifeoma Adebayo,IT Admin,HYBRID,300000,24951.5,12577.52,0.0,22,16,6,0.727,17.985,0.06,1,0,0.557,0.166,0.749,0.125,1.725,DEV-36412,9750606739,VERIFIED,0
W00314,Ngozi Okonkwo,IT Admin,HYBRID,300000,30106.08,14556.84,0.0,22,16,6,0.727,8.0,0.158,0,0,0.283,0.206,0.642,0.146,26.178,DEV-51144,8806647365,VERIFIED,0
W00460,Ibrahim Okafor,Customer Support,REMOTE,180000,6742.56,2991.61,345.83,22,20,2,0.909,15.243,0.025,0,0,0.588,0.077,0.935,0.056,1.899,DEV-36217,1764780288,VERIFIED,0
W00161,Efe Abubakar,Engineer,HYBRID,320000,12773.16,3393.85,11352.99,22,21,1,0.955,9.744,0.099,0,0,0.463,0.205,0.916,0.086,16.728,DEV-23399,6232694881,VERIFIED,0
W00277,Tunde Etuk,Cleaner,ONSITE,90000,3679.62,1893.78,6.6,22,12,10,0.545,7.417,0.545,2,0,0.96,0.421,0.85,0.062,100.097,DEV-52637,2135874171,SUSPICIOUS,0
W00444,Efe Balogun,Security Officer,ONSITE,120000,0.0,0.0,0.0,22,7,15,0.318,2.299,0.848,4,1,0.894,0.961,0.05,0.0,86.233,DEV-18572,5983386067,FLAGGED,1
W00192,Amina Adebayo,Operations Manager,ONSITE,450000,8379.7,1952.19,1818.11,22,7,15,0.318,0.824,0.582,2,1,0.787,0.724,0.558,0.027,244.332,DEV-49092,4375023984,FLAGGED,1
W00386,Efe Etuk,Customer Support,REMOTE,180000,343.72,102.27,94.01,22,14,8,0.636,4.74,0.406,2,0,0.97,0.95,0.268,0.003,30.911,DEV-77503,5581360501,SUSPICIOUS,0
W00294,Ibrahim Adebayo,HR Officer,HYBRID,250000,13385.61,2844.32,11520.07,22,15,7,0.682,14.867,0.228,1,0,0.218,0.295,0.8,0.111,24.659,DEV-75932,8873867850,VERIFIED,0
W00414,Ifeoma Ogunleye,Engineer,HYBRID,320000,6301.78,1729.52,1248.7,22,18,4,0.818,21.094,0.006,1,0,0.36,0.16,0.783,0.029,15.764,DEV-13000,8329253208,VERIFIED,0
W00344,Ifeoma Ogunleye,Operations Manager,ONSITE,450000,32453.26,5393.32,8953.42,22,17,5,0.773,9.341,0.059,0,0,0.226,0.132,0.741,0.104,38.489,DEV-56149,4618426168,VERIFIED,0
W00258,Ibrahim Adebayo,Accountant,HYBRID,280000,15923.24,6728.83,1707.93,22,21,1,0.955,23.905,0.105,1,0,0.458,0.107,0.991,0.087,22.723,DEV-40981,6124736100,VERIFIED,0
W00309,Temitope Ogunleye,Security Officer,ONSITE,120000,11366.81,7326.97,2906.22,22,18,4,0.818,8.0,0.173,0,0,0.552,0.081,0.879,0.18,23.453,DEV-11204,8377735852,VERIFIED,0
W00150,Chukwuemeka Etuk,IT Admin,HYBRID,300000,9037.96,3125.65,1336.39,22,17,5,0.773,18.803,0.324,0,0,0.6,0.0,0.82,0.045,8.032,DEV-61703,7808302326,VERIFIED,0
W00131,Chukwuemeka Eze,IT Admin,HYBRID,300000,11095.29,2274.89,4029.82,22,16,6,0.727,8.704,0.009,1,0,0.8,0.098,0.97,0.058,26.155,DEV-40855,6778375198,VERIFIED,0
W00152,Ifeoma Okafor,HR Officer,HYBRID,250000,18119.34,8992.75,2137.91,22,19,3,0.864,20.186,0.003,0,1,0.485,0.257,1.0,0.117,1.0,DEV-40448,5497243135,VERIFIED,0
W00360,Ifeoma Adebayo,IT Admin,HYBRID,300000,23233.56,12132.43,3334.01,22,11,11,0.5,8.0,0.08,1,0,0.472,0.227,0.605,0.129,36.137,DEV-13504,4487003564,VERIFIED,0
W00100,Efe Nwosu,Operations Manager,ONSITE,450000,23786.15,14608.42,3905.43,22,18,4,0.818,18.79,0.022,2,1,0.163,0.198,1.0,0.094,14.056,DEV-64330,9137232336,VERIFIED,0
W00373,Ifeoma Balogun,Cleaner,ONSITE,90000,6821.02,3569.69,859.29,22,15,7,0.682,17.505,0.222,2,0,0.342,0.162,0.678,0.125,34.412,DEV-63629,8710115324,VERIFIED,0
W00088,Sadiq Abubakar,Customer Support,REMOTE,180000,17760.82,7881.21,1897.97,22,16,6,0.727,19.397,0.089,1,0,0.265,0.163,0.914,0.153,1.0,DEV-17493,7818514580,VERIFIED,0
W00459,Efe Okafor,Operations Manager,ONSITE,450000,30416.78,14958.58,14924.64,22,18,4,0.818,20.316,0.142,0,0,0.364,0.218,1.0,0.134,46.878,DEV-17203,5640196237,VERIFIED,0
W00331,Chukwuemeka Usman,Customer Support,REMOTE,180000,13311.52,2310.01,4178.47,22,14,8,0.636,10.911,0.0,1,0,0.426,0.185,0.891,0.11,11.642,DEV-87434,8848188994,VERIFIED,0
W00215,Amina Okonkwo,Cleaner,ONSITE,90000,945.8,459.11,215.09,22,12,10,0.545,6.516,0.286,2,2,0.887,0.484,0.625,0.018,50.931,DEV-18572,2708919547,SUSPICIOUS,0
W00467,Ibrahim Okafor,Customer Support,REMOTE,180000,16164.96,6423.16,2071.88,22,14,8,0.636,16.846,0.018,2,0,0.218,0.049,0.948,0.137,23.611,DEV-46838,8278587226,VERIFIED,0
W00122,Ibrahim Okonkwo,Operations Manager,ONSITE,450000,46590.45,17151.87,4207.68,22,18,4,0.818,17.51,0.0,0,0,0.8,0.07,0.755,0.151,26.145,DEV-76011,4469281139,VERIFIED,0
W00500,Tunde Okafor,Customer Support,REMOTE,180000,1724.83,522.13,813.04,22,15,7,0.682,6.042,0.551,3,1,0.785,0.381,0.608,0.017,32.42,DEV-64330,9937823780,SUSPICIOUS,0
W00021,Ibrahim Abubakar,Security Officer,ONSITE,120000,7893.35,3042.94,3703.71,22,14,8,0.636,22.289,0.0,0,1,0.529,0.233,0.833,0.122,1.0,DEV-85071,5238071435,VERIFIED,0
W00189,Ngozi Abubakar,IT Admin,HYBRID,300000,13967.99,7403.3,0.0,22,13,9,0.591,16.628,0.143,0,0,0.263,0.021,0.717,0.071,12.529,DEV-67260,9845409413,VERIFIED,0
W00072,Ifeoma Okonkwo,Customer Support,REMOTE,180000,362.83,190.91,166.26,22,12,10,0.545,7.753,0.4,1,0,0.677,0.599,0.624,0.004,25.704,DEV-55123,4092160078,SUSPICIOUS,0
W00107,Kemi Ogunleye,HR Officer,HYBRID,250000,0.0,0.0,0.0,22,4,18,0.182,1.265,0.396,4,4,0.895,0.693,0.463,0.0,311.636,DEV-46838,3300306128,FLAGGED,1
W00271,Kemi Okafor,Operations Manager,ONSITE,450000,27700.27,20211.2,10588.53,22,12,10,0.545,25.054,0.187,0,0,0.267,0.148,0.827,0.13,37.565,DEV-85001,8232187493,VERIFIED,0
W00349,Tunde Okafor,Cleaner,ONSITE,90000,10676.07,3264.9,4059.03,22,17,5,0.773,30.0,0.153,1,0,0.452,0.0,0.941,0.2,27.868,DEV-98175,0257962287,VERIFIED,0
W00436,Temitope Adebayo,Engineer,HYBRID,320000,26944.87,5214.13,6881.0,22,19,3,0.864,30.0,0.009,2,0,0.463,0.256,1.0,0.122,1.499,DEV-52637,6543366897,VERIFIED,0
W00103,Ngozi Etuk,Security Officer,ONSITE,120000,1210.14,365.0,824.86,22,20,2,0.909,14.132,0.297,0,0,0.583,0.029,0.77,0.02,14.604,DEV-32430,9453712097,VERIFIED,0
